"","concept_id","concept_name","comments","standard_concept","invalid_reason","concept_code","domain_id","vocabulary_id","concept_class_id"
"1",789931,"triamcinolone acetonide 80 MG/ML [Kenalog]",NA,"S","NULL",2168082,"Drug","RxNorm","Branded Drug Comp"
"2",792426,"triamcinolone acetonide 32 MG",NA,"S","NULL",1947130,"Drug","RxNorm","Clinical Drug Comp"
"3",792428,"triamcinolone acetonide 32 MG [Zilretta]",NA,"S","NULL",1947132,"Drug","RxNorm","Branded Drug Comp"
"4",792487,"fluticasone furoate 0.1 MG/ACTUAT / umeclidinium 0.0625 MG/ACTUAT / vilanterol 0.025 MG/ACTUAT [Trelegy]",NA,"S","NULL",1945041,"Drug","RxNorm","Branded Drug Comp"
"5",792586,"fluticasone propionate 0.093 MG/ACTUAT",NA,"S","NULL",1946582,"Drug","RxNorm","Clinical Drug Comp"
"6",792587,"fluticasone propionate 0.093 MG/ACTUAT Metered Dose Nasal Spray",NA,"S","NULL",1946583,"Drug","RxNorm","Clinical Drug"
"7",792589,"fluticasone propionate 0.093 MG/ACTUAT [Xhance]",NA,"S","NULL",1946585,"Drug","RxNorm","Branded Drug Comp"
"8",792590,"fluticasone Metered Dose Nasal Spray [Xhance]",NA,"S","NULL",1946586,"Drug","RxNorm","Branded Drug Form"
"9",792593,"fluticasone propionate 0.093 MG/ACTUAT Metered Dose Nasal Spray [Xhance]",NA,"S","NULL",1946589,"Drug","RxNorm","Branded Drug"
"10",793456,"mometasone furoate 1.35 MG",NA,"S","NULL",1995982,"Drug","RxNorm","Clinical Drug Comp"
"11",793577,"fluticasone propionate 0.05 MG/ACTUAT [Fluticare]",NA,"S","NULL",1996208,"Drug","RxNorm","Branded Drug Comp"
"12",793578,"fluticasone Metered Dose Nasal Spray [Fluticare]",NA,"S","NULL",1996209,"Drug","RxNorm","Branded Drug Form"
"13",793581,"fluticasone propionate 0.05 MG/ACTUAT Metered Dose Nasal Spray [Fluticare]",NA,"S","NULL",1996212,"Drug","RxNorm","Branded Drug"
"14",793914,"fluticasone propionate 0.113 MG/ACTUAT [Armonair]",NA,"S","NULL",1941533,"Drug","RxNorm","Branded Drug Comp"
"15",793932,"fluticasone propionate 0.232 MG/ACTUAT [Armonair]",NA,"S","NULL",1941606,"Drug","RxNorm","Branded Drug Comp"
"16",793937,"fluticasone propionate 0.055 MG/ACTUAT [Armonair]",NA,"S","NULL",1941612,"Drug","RxNorm","Branded Drug Comp"
"17",1146317,"ciclesonide 0.343 MG/ACTUAT",NA,"S","NULL",2377376,"Drug","RxNorm","Clinical Drug Comp"
"18",1146318,"ciclesonide 0.343 MG/ACTUAT Metered Dose Nasal Spray",NA,"S","NULL",2377377,"Drug","RxNorm","Clinical Drug"
"19",1146320,"ciclesonide 0.343 MG/ACTUAT [Aservo]",NA,"S","NULL",2377379,"Drug","RxNorm","Branded Drug Comp"
"20",902938,"ciclesonide",NA,"S","NULL",274964,"Drug","RxNorm","Ingredient"
"21",902939,"ciclesonide 0.16 MG/ACTUAT",NA,"S","NULL",597915,"Drug","RxNorm","Clinical Drug Comp"
"22",902941,"ciclesonide 0.08 MG/ACTUAT",NA,"S","NULL",597917,"Drug","RxNorm","Clinical Drug Comp"
"23",902963,"ciclesonide 0.05 MG/ACTUAT",NA,"S","NULL",687254,"Drug","RxNorm","Clinical Drug Comp"
"24",903963,"triamcinolone",NA,"S","NULL",10759,"Drug","RxNorm","Ingredient"
"25",904131,"triamcinolone 0.055 MG/ACTUAT Nasal Spray",NA,"S","NULL",245785,"Drug","RxNorm","Clinical Drug"
"26",904163,"triamcinolone 0.1 MG/ACTUAT Nasal Spray",NA,"S","NULL",248626,"Drug","RxNorm","Clinical Drug"
"27",904331,"triamcinolone 2 MG",NA,"S","NULL",316851,"Drug","RxNorm","Clinical Drug Comp"
"28",904332,"triamcinolone 1 MG",NA,"S","NULL",317524,"Drug","RxNorm","Clinical Drug Comp"
"29",904333,"triamcinolone 8 MG",NA,"S","NULL",317525,"Drug","RxNorm","Clinical Drug Comp"
"30",904335,"triamcinolone 0.001 MG/MG",NA,"S","NULL",328439,"Drug","RxNorm","Clinical Drug Comp"
"31",904338,"triamcinolone 0.00025 MG/MG",NA,"S","NULL",328761,"Drug","RxNorm","Clinical Drug Comp"
"32",904385,"triamcinolone 6 MG/ML",NA,"S","NULL",335769,"Drug","RxNorm","Clinical Drug Comp"
"33",904387,"triamcinolone 0.00105 MG/MG",NA,"S","NULL",337314,"Drug","RxNorm","Clinical Drug Comp"
"34",904392,"triamcinolone 1 MG/ML",NA,"S","NULL",339994,"Drug","RxNorm","Clinical Drug Comp"
"35",904395,"triamcinolone 4 MG",NA,"S","NULL",345865,"Drug","RxNorm","Clinical Drug Comp"
"36",904427,"triamcinolone 0.5 MG/ML",NA,"S","NULL",353417,"Drug","RxNorm","Clinical Drug Comp"
"37",904436,"triamcinolone 0.066 MG/ML",NA,"S","NULL",639496,"Drug","RxNorm","Clinical Drug Comp"
"38",904506,"triamcinolone acetonide 0.05 MG/ACTUAT",NA,"S","NULL",833244,"Drug","RxNorm","Clinical Drug Comp"
"39",904509,"triamcinolone acetonide 80 MG/ML",NA,"S","NULL",833448,"Drug","RxNorm","Clinical Drug Comp"
"40",905233,"mometasone",NA,"S","NULL",108118,"Drug","RxNorm","Ingredient"
"41",905238,"mometasone furoate 0.001 MG/MG",NA,"S","NULL",336758,"Drug","RxNorm","Clinical Drug Comp"
"42",905240,"mometasone furoate 0.05 MG/ACTUAT",NA,"S","NULL",358793,"Drug","RxNorm","Clinical Drug Comp"
"43",905264,"mometasone furoate 0.2 MG/ACTUAT",NA,"S","NULL",617269,"Drug","RxNorm","Clinical Drug Comp"
"44",939259,"budesonide",NA,"S","NULL",19831,"Drug","RxNorm","Ingredient"
"45",939300,"budesonide 0.032 MG/ACTUAT Nasal Spray",NA,"S","NULL",247551,"Drug","RxNorm","Clinical Drug"
"46",939301,"budesonide 0.1 MG/ACTUAT Nasal Spray",NA,"S","NULL",247691,"Drug","RxNorm","Clinical Drug"
"47",939361,"budesonide 0.032 MG/ACTUAT",NA,"S","NULL",315498,"Drug","RxNorm","Clinical Drug Comp"
"48",939393,"budesonide 3 MG",NA,"S","NULL",332685,"Drug","RxNorm","Clinical Drug Comp"
"49",939394,"budesonide 0.1 MG/ACTUAT",NA,"S","NULL",332686,"Drug","RxNorm","Clinical Drug Comp"
"50",939395,"budesonide 0.05 MG/ACTUAT",NA,"S","NULL",332687,"Drug","RxNorm","Clinical Drug Comp"
"51",939396,"budesonide 0.064 MG/ACTUAT",NA,"S","NULL",332688,"Drug","RxNorm","Clinical Drug Comp"
"52",939398,"budesonide 0.25 MG/ML",NA,"S","NULL",346148,"Drug","RxNorm","Clinical Drug Comp"
"53",939422,"budesonide 0.5 MG/ML",NA,"S","NULL",358545,"Drug","RxNorm","Clinical Drug Comp"
"54",939426,"budesonide 0.16 MG/ACTUAT",NA,"S","NULL",393396,"Drug","RxNorm","Clinical Drug Comp"
"55",939427,"budesonide 0.08 MG/ACTUAT",NA,"S","NULL",393399,"Drug","RxNorm","Clinical Drug Comp"
"56",939545,"budesonide 0.18 MG/ACTUAT",NA,"S","NULL",692474,"Drug","RxNorm","Clinical Drug Comp"
"57",939547,"budesonide 0.09 MG/ACTUAT",NA,"S","NULL",692476,"Drug","RxNorm","Clinical Drug Comp"
"58",1355735,"mometasone furoate 1 MG/ML / orbifloxacin 10 MG/ML / posaconazole 1 MG/ML [Posatex]",NA,"S","NULL",2105739,"Drug","RxNorm","Branded Drug Comp"
"59",1355746,"neomycin 0.025 MG/MG / nystatin 100 UNT/MG / thiostrepton 2.5 UNT/MG / triamcinolone 0.001 MG/MG [Dermalone]",NA,"S","NULL",2105782,"Drug","RxNorm","Branded Drug Comp"
"60",1356142,"budesonide 0.2 MG",NA,"S","NULL",2108301,"Drug","RxNorm","Clinical Drug Comp"
"61",1356374,"budesonide 0.2 MG [Pulmicort]",NA,"S","NULL",2109079,"Drug","RxNorm","Branded Drug Comp"
"62",1361589,"formoterol fumarate 0.005 MG/ACTUAT / mometasone furoate 0.05 MG/ACTUAT [Dulera]",NA,"S","NULL",2196591,"Drug","RxNorm","Branded Drug Comp"
"63",1361592,"mometasone furoate 0.05 MG/ACTUAT [Asmanex]",NA,"S","NULL",2196791,"Drug","RxNorm","Branded Drug Comp"
"64",1366410,"fluticasone propionate 0.1 MG/ACTUAT / salmeterol 0.05 MG/ACTUAT [Wixela]",NA,"S","NULL",2110507,"Drug","RxNorm","Branded Drug Comp"
"65",1366414,"fluticasone propionate 0.25 MG/ACTUAT / salmeterol 0.05 MG/ACTUAT [Wixela]",NA,"S","NULL",2110512,"Drug","RxNorm","Branded Drug Comp"
"66",1366416,"fluticasone propionate 0.5 MG/ACTUAT / salmeterol 0.05 MG/ACTUAT [Wixela]",NA,"S","NULL",2110515,"Drug","RxNorm","Branded Drug Comp"
"67",1510419,"fluticasone furoate 0.05 MG/ACTUAT",NA,"S","NULL",2045376,"Drug","RxNorm","Clinical Drug Comp"
"68",1510710,"fluticasone furoate 0.05 MG/ACTUAT [Arnuity]",NA,"S","NULL",2047720,"Drug","RxNorm","Branded Drug Comp"
"69",1510935,"fluticasone propionate 0.5 MG/ML [Beser]",NA,"S","NULL",2121407,"Drug","RxNorm","Branded Drug Comp"
"70",1559863,"triamcinolone acetonide 0.5 MG [Vetalog]",NA,"S","NULL",2048889,"Drug","RxNorm","Branded Drug Comp"
"71",1559868,"triamcinolone acetonide 1.5 MG [Vetalog]",NA,"S","NULL",2048894,"Drug","RxNorm","Branded Drug Comp"
"72",1146321,"ciclesonide Metered Dose Nasal Spray [Aservo]",NA,"S","NULL",2377380,"Drug","RxNorm","Branded Drug Form"
"73",1146324,"ciclesonide 0.343 MG/ACTUAT Metered Dose Nasal Spray [Aservo]",NA,"S","NULL",2377383,"Drug","RxNorm","Branded Drug"
"74",1149380,"fluticasone",NA,"S","NULL",41126,"Drug","RxNorm","Ingredient"
"75",1592230,"clotrimazole 10 MG/ML / gentamicin 3 MG/ML / mometasone 1 MG/ML [Pattotic]",NA,"S","NULL",1870810,"Drug","RxNorm","Branded Drug Comp"
"76",1592698,"fluticasone propionate 0.05 MG/ACTUAT [Nasopro 24]",NA,"S","NULL",1872963,"Drug","RxNorm","Branded Drug Comp"
"77",1592699,"fluticasone Metered Dose Nasal Spray [Nasopro 24]",NA,"S","NULL",1872964,"Drug","RxNorm","Branded Drug Form"
"78",1592702,"fluticasone propionate 0.05 MG/ACTUAT Metered Dose Nasal Spray [Nasopro 24]",NA,"S","NULL",1872967,"Drug","RxNorm","Branded Drug"
"79",1593605,"fluticasone propionate 0.0275 MG/ACTUAT",NA,"S","NULL",1866621,"Drug","RxNorm","Clinical Drug Comp"
"80",1593606,"fluticasone propionate 0.0275 MG/ACTUAT Metered Dose Nasal Spray",NA,"S","NULL",1866622,"Drug","RxNorm","Clinical Drug"
"81",1593607,"fluticasone propionate 0.0275 MG/ACTUAT [Flonase]",NA,"S","NULL",1866623,"Drug","RxNorm","Branded Drug Comp"
"82",1593608,"fluticasone propionate 0.0275 MG/ACTUAT Metered Dose Nasal Spray [Flonase]",NA,"S","NULL",1866624,"Drug","RxNorm","Branded Drug"
"83",1593823,"fluticasone propionate 0.113 MG/ACTUAT",NA,"S","NULL",1918192,"Drug","RxNorm","Clinical Drug Comp"
"84",1593833,"fluticasone propionate 0.232 MG/ACTUAT",NA,"S","NULL",1918202,"Drug","RxNorm","Clinical Drug Comp"
"85",1593839,"fluticasone propionate 0.055 MG/ACTUAT",NA,"S","NULL",1918208,"Drug","RxNorm","Clinical Drug Comp"
"86",1594236,"fluticasone furoate 0.0275 MG/ACTUAT [Flonase Sensimist]",NA,"S","NULL",1869708,"Drug","RxNorm","Branded Drug Comp"
"87",1594237,"fluticasone Metered Dose Nasal Spray [Flonase Sensimist]",NA,"S","NULL",1869709,"Drug","RxNorm","Branded Drug Form"
"88",1594240,"fluticasone furoate 0.0275 MG/ACTUAT Metered Dose Nasal Spray [Flonase Sensimist]",NA,"S","NULL",1869712,"Drug","RxNorm","Branded Drug"
"89",19023533,"mometasone furoate 0.05 MG/ACTUAT [Nasonex]",NA,"S","NULL",565252,"Drug","RxNorm","Branded Drug Comp"
"90",19026109,"budesonide 0.1 MG/ACTUAT Nasal Spray [Rhinocort Aqua]",NA,"S","NULL",202142,"Drug","RxNorm","Branded Drug"
"91",19029347,"budesonide 0.032 MG/ACTUAT Nasal Spray [Rhinocort]",NA,"S","NULL",205481,"Drug","RxNorm","Branded Drug"
"92",19032638,"triamcinolone acetonide 80 MG/ML [Trivaris]",NA,"S","NULL",835558,"Drug","RxNorm","Branded Drug Comp"
"93",19083125,"triamcinolone 0.1 MG/ACTUAT",NA,"S","NULL",328701,"Drug","RxNorm","Clinical Drug Comp"
"94",19083579,"triamcinolone 0.055 MG/ACTUAT",NA,"S","NULL",329106,"Drug","RxNorm","Clinical Drug Comp"
"95",19084816,"triamcinolone 0.0005 MG/MG",NA,"S","NULL",330282,"Drug","RxNorm","Clinical Drug Comp"
"96",19084817,"triamcinolone 0.0025 MG/MG",NA,"S","NULL",330283,"Drug","RxNorm","Clinical Drug Comp"
"97",19086456,"mometasone furoate 0.2 MG/ACTUAT [Asmanex]",NA,"S","NULL",616813,"Drug","RxNorm","Branded Drug Comp"
"98",19089689,"triamcinolone 4 MG/ML",NA,"S","NULL",333401,"Drug","RxNorm","Clinical Drug Comp"
"99",19091880,"triamcinolone 0.6 MG/ML",NA,"S","NULL",335770,"Drug","RxNorm","Clinical Drug Comp"
"100",19093425,"triamcinolone 0.01 MG/MG",NA,"S","NULL",340008,"Drug","RxNorm","Clinical Drug Comp"
"101",19095979,"triamcinolone 0.1 MG/ML",NA,"S","NULL",346300,"Drug","RxNorm","Clinical Drug Comp"
"102",19097860,"budesonide 0.125 MG/ML",NA,"S","NULL",350723,"Drug","RxNorm","Clinical Drug Comp"
"103",19099139,"mometasone furoate 1 MG/ML",NA,"S","NULL",358650,"Drug","RxNorm","Clinical Drug Comp"
"104",19100694,"budesonide 0.02 MG/ML",NA,"S","NULL",381063,"Drug","RxNorm","Clinical Drug Comp"
"105",19100695,"budesonide 0.00025 MG/MG",NA,"S","NULL",381064,"Drug","RxNorm","Clinical Drug Comp"
"106",19101781,"fluticasone 0.4 MG/ACTUAT Nasal Suspension",NA,"S","NULL",389246,"Drug","RxNorm","Clinical Drug"
"107",19102054,"fluticasone 0.4 MG/ACTUAT",NA,"S","NULL",393445,"Drug","RxNorm","Clinical Drug Comp"
"108",19109784,"triamcinolone 0.25 MG/MG",NA,"S","NULL",439405,"Drug","RxNorm","Clinical Drug Comp"
"109",19109785,"triamcinolone 0.2 MG/ML",NA,"S","NULL",439407,"Drug","RxNorm","Clinical Drug Comp"
"110",19109794,"triamcinolone 2 MG/ML",NA,"S","NULL",439422,"Drug","RxNorm","Clinical Drug Comp"
"111",19109805,"triamcinolone 0.025 MG",NA,"S","NULL",439440,"Drug","RxNorm","Clinical Drug Comp"
"112",19110911,"mometasone 0.001 MG/MG",NA,"S","NULL",446535,"Drug","RxNorm","Clinical Drug Comp"
"113",19112260,"triamcinolone 0.5 MG",NA,"S","NULL",452305,"Drug","RxNorm","Clinical Drug Comp"
"114",19112268,"triamcinolone 0.0002 MG/MG",NA,"S","NULL",452323,"Drug","RxNorm","Clinical Drug Comp"
"115",19112511,"triamcinolone 16 MG",NA,"S","NULL",452840,"Drug","RxNorm","Clinical Drug Comp"
"116",19112695,"mometasone 0.5 MG/ML",NA,"S","NULL",484331,"Drug","RxNorm","Clinical Drug Comp"
"117",19112696,"mometasone 0.5 MG/ML Nasal Spray",NA,"S","NULL",484333,"Drug","RxNorm","Clinical Drug"
"118",19112697,"mometasone furoate 0.05 MG/ML",NA,"S","NULL",484334,"Drug","RxNorm","Clinical Drug Comp"
"119",19112698,"mometasone furoate 0.05 MG/ML Nasal Spray",NA,"S","NULL",484335,"Drug","RxNorm","Clinical Drug"
"120",19115612,"budesonide 0.25 MG/ML [Preferid]",NA,"S","NULL",563329,"Drug","RxNorm","Branded Drug Comp"
"121",19115613,"budesonide 0.00025 MG/MG [Preferid]",NA,"S","NULL",563330,"Drug","RxNorm","Branded Drug Comp"
"122",19116165,"triamcinolone 2 MG [Ledercort]",NA,"S","NULL",564055,"Drug","RxNorm","Branded Drug Comp"
"123",19116166,"triamcinolone 4 MG [Ledercort]",NA,"S","NULL",564056,"Drug","RxNorm","Branded Drug Comp"
"124",19117040,"budesonide 0.02 MG/ML [Entocort]",NA,"S","NULL",565193,"Drug","RxNorm","Branded Drug Comp"
"125",19117741,"budesonide 0.1 MG/ACTUAT [Rhinocort Aqua]",NA,"S","NULL",566113,"Drug","RxNorm","Branded Drug Comp"
"126",19118641,"triamcinolone 4 MG [Aristopak]",NA,"S","NULL",569068,"Drug","RxNorm","Branded Drug Comp"
"127",35603735,"mometasone furoate 0.22 MG/ACTUAT",NA,"S","NULL",1745282,"Drug","RxNorm","Clinical Drug Comp"
"128",35603736,"mometasone furoate 0.22 MG/ACTUAT [Asmanex]",NA,"S","NULL",1745284,"Drug","RxNorm","Branded Drug Comp"
"129",35603776,"budesonide 0.18 MG/ACTUAT [Pulmicort]",NA,"S","NULL",1745530,"Drug","RxNorm","Branded Drug Comp"
"130",35603778,"budesonide 0.09 MG/ACTUAT [Pulmicort]",NA,"S","NULL",1745541,"Drug","RxNorm","Branded Drug Comp"
"131",35603779,"mometasone furoate 0.11 MG/ACTUAT",NA,"S","NULL",1745551,"Drug","RxNorm","Clinical Drug Comp"
"132",35603780,"mometasone furoate 0.11 MG/ACTUAT [Asmanex]",NA,"S","NULL",1745553,"Drug","RxNorm","Branded Drug Comp"
"133",35604770,"triamcinolone acetonide 2 MG/ML",NA,"S","NULL",1739201,"Drug","RxNorm","Clinical Drug Comp"
"134",19038788,"budesonide 0.25 MG/ML [Pulmicort]",NA,"S","NULL",616816,"Drug","RxNorm","Branded Drug Comp"
"135",19038789,"budesonide 0.5 MG/ML [Pulmicort]",NA,"S","NULL",616818,"Drug","RxNorm","Branded Drug Comp"
"136",19038790,"budesonide 0.125 MG/ML [Pulmicort]",NA,"S","NULL",616829,"Drug","RxNorm","Branded Drug Comp"
"137",19038814,"budesonide 0.032 MG/ACTUAT [Rhinocort]",NA,"S","NULL",566387,"Drug","RxNorm","Branded Drug Comp"
"138",19045921,"triamcinolone acetonide 0.05 MG/ACTUAT [AllerNaze]",NA,"S","NULL",833247,"Drug","RxNorm","Branded Drug Comp"
"139",19060643,"budesonide 0.05 MG/ACTUAT Nasal Spray",NA,"S","NULL",247042,"Drug","RxNorm","Clinical Drug"
"140",19063315,"budesonide 0.064 MG/ACTUAT Nasal Spray",NA,"S","NULL",250648,"Drug","RxNorm","Clinical Drug"
"141",19064076,"mometasone furoate 1 MG/ML [Elocon]",NA,"S","NULL",562875,"Drug","RxNorm","Branded Drug Comp"
"142",19064077,"mometasone furoate 0.001 MG/MG [Elocon]",NA,"S","NULL",562876,"Drug","RxNorm","Branded Drug Comp"
"143",19129670,"ciclesonide 0.05 MG/ACTUAT [Omnaris]",NA,"S","NULL",790274,"Drug","RxNorm","Branded Drug Comp"
"144",19129672,"mometasone furoate 0.1 MG/ACTUAT",NA,"S","NULL",790277,"Drug","RxNorm","Clinical Drug Comp"
"145",19129674,"mometasone furoate 0.1 MG/ACTUAT [Asmanex]",NA,"S","NULL",790279,"Drug","RxNorm","Branded Drug Comp"
"146",19130451,"ciclesonide 0.16 MG/ACTUAT [Alvesco]",NA,"S","NULL",799035,"Drug","RxNorm","Branded Drug Comp"
"147",19130454,"ciclesonide 0.08 MG/ACTUAT [Alvesco]",NA,"S","NULL",799039,"Drug","RxNorm","Branded Drug Comp"
"148",19132265,"mometasone furoate 0.01 MG/MG",NA,"S","NULL",807205,"Drug","RxNorm","Clinical Drug Comp"
"149",36249727,"fluticasone propionate 0.05 MG/ACTUAT [Nasoflow]",NA,"S","NULL",1795587,"Drug","RxNorm","Branded Drug Comp"
"150",36249768,"fluticasone propionate 0.05 MG/ACTUAT [Aller-Flo]",NA,"S","NULL",1795959,"Drug","RxNorm","Branded Drug Comp"
"151",36250069,"ciclesonide Metered Dose Nasal Spray",NA,"S","NULL",1797837,"Drug","RxNorm","Clinical Drug Form"
"152",36250070,"ciclesonide 0.037 MG/ACTUAT Metered Dose Nasal Spray",NA,"S","NULL",1797838,"Drug","RxNorm","Clinical Drug"
"153",36250071,"ciclesonide Metered Dose Nasal Spray [Zetonna]",NA,"S","NULL",1797839,"Drug","RxNorm","Branded Drug Form"
"154",36250072,"ciclesonide 0.037 MG/ACTUAT Metered Dose Nasal Spray [Zetonna]",NA,"S","NULL",1797840,"Drug","RxNorm","Branded Drug"
"155",36250073,"ciclesonide 0.05 MG/ACTUAT Metered Dose Nasal Spray",NA,"S","NULL",1797841,"Drug","RxNorm","Clinical Drug"
"156",36250074,"ciclesonide Metered Dose Nasal Spray [Omnaris]",NA,"S","NULL",1797842,"Drug","RxNorm","Branded Drug Form"
"157",36250075,"ciclesonide 0.05 MG/ACTUAT Metered Dose Nasal Spray [Omnaris]",NA,"S","NULL",1797843,"Drug","RxNorm","Branded Drug"
"158",36250078,"azelastine / fluticasone Metered Dose Nasal Spray",NA,"S","NULL",1797846,"Drug","RxNorm","Clinical Drug Form"
"159",36250079,"azelastine hydrochloride 0.137 MG/ACTUAT / fluticasone propionate 0.05 MG/ACTUAT Metered Dose Nasal Spray",NA,"S","NULL",1797847,"Drug","RxNorm","Clinical Drug"
"160",36250080,"azelastine / fluticasone Metered Dose Nasal Spray [Dymista]",NA,"S","NULL",1797848,"Drug","RxNorm","Branded Drug Form"
"161",36250081,"azelastine hydrochloride 0.137 MG/ACTUAT / fluticasone propionate 0.05 MG/ACTUAT Metered Dose Nasal Spray [Dymista]",NA,"S","NULL",1797849,"Drug","RxNorm","Branded Drug"
"162",36250096,"mometasone Metered Dose Nasal Spray",NA,"S","NULL",1797864,"Drug","RxNorm","Clinical Drug Form"
"163",36250097,"mometasone furoate 0.05 MG/ACTUAT Metered Dose Nasal Spray",NA,"S","NULL",1797865,"Drug","RxNorm","Clinical Drug"
"164",36250100,"mometasone Metered Dose Nasal Spray [Nasonex]",NA,"S","NULL",1797868,"Drug","RxNorm","Branded Drug Form"
"165",36250102,"mometasone furoate 0.05 MG/ACTUAT Metered Dose Nasal Spray [Nasonex]",NA,"S","NULL",1797870,"Drug","RxNorm","Branded Drug"
"166",36250121,"fluticasone Metered Dose Nasal Spray",NA,"S","NULL",1797889,"Drug","RxNorm","Clinical Drug Form"
"167",36250122,"fluticasone furoate 0.0275 MG/ACTUAT Metered Dose Nasal Spray",NA,"S","NULL",1797890,"Drug","RxNorm","Clinical Drug"
"168",36250123,"fluticasone Metered Dose Nasal Spray [Veramyst]",NA,"S","NULL",1797891,"Drug","RxNorm","Branded Drug Form"
"169",36250124,"fluticasone furoate 0.0275 MG/ACTUAT Metered Dose Nasal Spray [Veramyst]",NA,"S","NULL",1797892,"Drug","RxNorm","Branded Drug"
"170",36250137,"triamcinolone Metered Dose Nasal Spray",NA,"S","NULL",1797903,"Drug","RxNorm","Clinical Drug Form"
"171",36250138,"triamcinolone acetonide 0.05 MG/ACTUAT Metered Dose Nasal Spray",NA,"S","NULL",1797904,"Drug","RxNorm","Clinical Drug"
"172",36250139,"triamcinolone Metered Dose Nasal Spray [AllerNaze]",NA,"S","NULL",1797905,"Drug","RxNorm","Branded Drug Form"
"173",36250140,"triamcinolone acetonide 0.05 MG/ACTUAT Metered Dose Nasal Spray [AllerNaze]",NA,"S","NULL",1797906,"Drug","RxNorm","Branded Drug"
"174",36250141,"fluticasone propionate 0.05 MG/ACTUAT Metered Dose Nasal Spray",NA,"S","NULL",1797907,"Drug","RxNorm","Clinical Drug"
"175",35604773,"triamcinolone acetonide 2 MG/ML [Vetalog]",NA,"S","NULL",1739204,"Drug","RxNorm","Branded Drug Comp"
"176",35604854,"triamcinolone acetonide 6 MG/ML",NA,"S","NULL",1739208,"Drug","RxNorm","Clinical Drug Comp"
"177",35604856,"triamcinolone acetonide 6 MG/ML [Vetalog]",NA,"S","NULL",1739210,"Drug","RxNorm","Branded Drug Comp"
"178",35605356,"mometasone furoate 2 MG/ML",NA,"S","NULL",1721548,"Drug","RxNorm","Clinical Drug Comp"
"179",35605361,"florfenicol 15 MG/ML / mometasone furoate 2 MG/ML / terbinafine 13.3 MG/ML [Claro]",NA,"S","NULL",1721555,"Drug","RxNorm","Branded Drug Comp"
"180",35606162,"fluticasone propionate 0.05 MG/ACTUAT [Clarispray]",NA,"S","NULL",1742499,"Drug","RxNorm","Branded Drug Comp"
"181",37002379,"budesonide 0.16 MG/ACTUAT / formoterol fumarate 0.0048 MG/ACTUAT / glycopyrrolate 0.009 MG/ACTUAT [Breztri]",NA,"S","NULL",2387327,"Drug","RxNorm","Branded Drug Comp"
"182",37002810,"fluticasone furoate 0.2 MG/ACTUAT / umeclidinium 0.0625 MG/ACTUAT / vilanterol 0.025 MG/ACTUAT [Trelegy]",NA,"S","NULL",2395770,"Drug","RxNorm","Branded Drug Comp"
"183",37002843,"fluticasone propionate 0.113 MG/ACTUAT / salmeterol 0.014 MG/ACTUAT [AirDuo]",NA,"S","NULL",2395827,"Drug","RxNorm","Branded Drug Comp"
"184",37002846,"fluticasone propionate 0.055 MG/ACTUAT / salmeterol 0.014 MG/ACTUAT [AirDuo]",NA,"S","NULL",2395830,"Drug","RxNorm","Branded Drug Comp"
"185",37002849,"fluticasone propionate 0.232 MG/ACTUAT / salmeterol 0.014 MG/ACTUAT [AirDuo]",NA,"S","NULL",2395833,"Drug","RxNorm","Branded Drug Comp"
"186",37496919,"clotrimazole 10 MG/ML / gentamicin 3 MG/ML / mometasone 1 MG/ML [LoZatom]",NA,"S","NULL",2201555,"Drug","RxNorm","Branded Drug Comp"
"187",37498341,"budesonide 6 MG",NA,"S","NULL",2269303,"Drug","RxNorm","Clinical Drug Comp"
"188",37498548,"budesonide 6 MG [Ortikos]",NA,"S","NULL",2273103,"Drug","RxNorm","Branded Drug Comp"
"189",37498553,"budesonide 9 MG [Ortikos]",NA,"S","NULL",2273109,"Drug","RxNorm","Branded Drug Comp"
"190",37499514,"triamcinolone acetonide 0.055 MG/ACTUAT [Aller-Cort]",NA,"S","NULL",2289239,"Drug","RxNorm","Branded Drug Comp"
"191",37499515,"triamcinolone Metered Dose Nasal Spray [Aller-Cort]",NA,"S","NULL",2289240,"Drug","RxNorm","Branded Drug Form"
"192",37499518,"triamcinolone acetonide 0.055 MG/ACTUAT Metered Dose Nasal Spray [Aller-Cort]",NA,"S","NULL",2289243,"Drug","RxNorm","Branded Drug"
"193",40058407,"fluticasone Nasal Suspension",NA,"S","NULL",393446,"Drug","RxNorm","Clinical Drug Form"
"194",40066277,"mometasone Nasal Spray",NA,"S","NULL",484332,"Drug","RxNorm","Clinical Drug Form"
"195",36250142,"fluticasone Metered Dose Nasal Spray [Aller-Flo]",NA,"S","NULL",1797908,"Drug","RxNorm","Branded Drug Form"
"196",36250143,"fluticasone propionate 0.05 MG/ACTUAT Metered Dose Nasal Spray [Aller-Flo]",NA,"S","NULL",1797909,"Drug","RxNorm","Branded Drug"
"197",36250147,"triamcinolone acetonide 0.055 MG/ACTUAT Metered Dose Nasal Spray",NA,"S","NULL",1797913,"Drug","RxNorm","Clinical Drug"
"198",36250148,"triamcinolone Metered Dose Nasal Spray [Nasacort]",NA,"S","NULL",1797914,"Drug","RxNorm","Branded Drug Form"
"199",36250149,"triamcinolone acetonide 0.055 MG/ACTUAT Metered Dose Nasal Spray [Nasacort]",NA,"S","NULL",1797915,"Drug","RxNorm","Branded Drug"
"200",36250152,"fluticasone Metered Dose Nasal Spray [Clarispray]",NA,"S","NULL",1797918,"Drug","RxNorm","Branded Drug Form"
"201",36250153,"fluticasone propionate 0.05 MG/ACTUAT Metered Dose Nasal Spray [Clarispray]",NA,"S","NULL",1797919,"Drug","RxNorm","Branded Drug"
"202",36250162,"budesonide Metered Dose Nasal Spray",NA,"S","NULL",1797928,"Drug","RxNorm","Clinical Drug Form"
"203",36250163,"budesonide 0.032 MG/ACTUAT Metered Dose Nasal Spray",NA,"S","NULL",1797929,"Drug","RxNorm","Clinical Drug"
"204",36250164,"budesonide Metered Dose Nasal Spray [Rhinocort]",NA,"S","NULL",1797930,"Drug","RxNorm","Branded Drug Form"
"205",36250165,"budesonide 0.032 MG/ACTUAT Metered Dose Nasal Spray [Rhinocort]",NA,"S","NULL",1797931,"Drug","RxNorm","Branded Drug"
"206",36250166,"fluticasone Metered Dose Nasal Spray [Flonase]",NA,"S","NULL",1797932,"Drug","RxNorm","Branded Drug Form"
"207",36250167,"fluticasone propionate 0.05 MG/ACTUAT Metered Dose Nasal Spray [Flonase]",NA,"S","NULL",1797933,"Drug","RxNorm","Branded Drug"
"208",36250168,"fluticasone Metered Dose Nasal Spray [Nasoflow]",NA,"S","NULL",1797934,"Drug","RxNorm","Branded Drug Form"
"209",36250169,"fluticasone propionate 0.05 MG/ACTUAT Metered Dose Nasal Spray [Nasoflow]",NA,"S","NULL",1797935,"Drug","RxNorm","Branded Drug"
"210",36250170,"triamcinolone Metered Dose Nasal Spray [Tri-Nasal]",NA,"S","NULL",1797936,"Drug","RxNorm","Branded Drug Form"
"211",36250171,"triamcinolone acetonide 0.05 MG/ACTUAT Metered Dose Nasal Spray [Tri-Nasal]",NA,"S","NULL",1797937,"Drug","RxNorm","Branded Drug"
"212",40020313,"budesonide Nasal Spray",NA,"S","NULL",371152,"Drug","RxNorm","Clinical Drug Form"
"213",40020314,"budesonide Nasal Spray [Rhinocort Aqua]",NA,"S","NULL",361957,"Drug","RxNorm","Branded Drug Form"
"214",40020315,"budesonide Nasal Spray [Rhinocort]",NA,"S","NULL",381058,"Drug","RxNorm","Branded Drug Form"
"215",40163406,"triamcinolone acetonide 0.001 MG/MG",NA,"S","NULL",857692,"Drug","RxNorm","Clinical Drug Comp"
"216",40163407,"triamcinolone acetonide 1 MG/ML",NA,"S","NULL",857694,"Drug","RxNorm","Clinical Drug Comp"
"217",40170654,"fluticasone furoate 0.0275 MG/ACTUAT",NA,"S","NULL",895967,"Drug","RxNorm","Clinical Drug Comp"
"218",40170655,"fluticasone furoate 0.0275 MG/ACTUAT [Veramyst]",NA,"S","NULL",895969,"Drug","RxNorm","Branded Drug Comp"
"219",40170920,"mometasone furoate 1 MG/ML [Momexin]",NA,"S","NULL",891163,"Drug","RxNorm","Branded Drug Comp"
"220",40171015,"fluticasone propionate 0.00005 MG/MG",NA,"S","NULL",895486,"Drug","RxNorm","Clinical Drug Comp"
"221",40171018,"fluticasone propionate 0.00005 MG/MG [Cutivate]",NA,"S","NULL",895696,"Drug","RxNorm","Branded Drug Comp"
"222",40171019,"fluticasone propionate 0.044 MG/ACTUAT",NA,"S","NULL",895993,"Drug","RxNorm","Clinical Drug Comp"
"223",40171020,"fluticasone propionate 0.044 MG/ACTUAT [Flovent]",NA,"S","NULL",895995,"Drug","RxNorm","Branded Drug Comp"
"224",40171021,"fluticasone propionate 0.045 MG/ACTUAT",NA,"S","NULL",896230,"Drug","RxNorm","Clinical Drug Comp"
"225",40171022,"fluticasone propionate 0.045 MG/ACTUAT / salmeterol 0.021 MG/ACTUAT [Advair]",NA,"S","NULL",896233,"Drug","RxNorm","Branded Drug Comp"
"226",40171023,"fluticasone propionate 0.05 MG/ACTUAT",NA,"S","NULL",896014,"Drug","RxNorm","Clinical Drug Comp"
"227",40171024,"fluticasone propionate 0.05 MG/ACTUAT [Flonase]",NA,"S","NULL",896322,"Drug","RxNorm","Branded Drug Comp"
"228",40171025,"fluticasone propionate 0.05 MG/ACTUAT [Flovent]",NA,"S","NULL",896016,"Drug","RxNorm","Branded Drug Comp"
"229",40085508,"triamcinolone Nasal Spray",NA,"S","NULL",374189,"Drug","RxNorm","Clinical Drug Form"
"230",40171026,"fluticasone propionate 0.1 MG/ACTUAT",NA,"S","NULL",896020,"Drug","RxNorm","Clinical Drug Comp"
"231",40171027,"fluticasone propionate 0.1 MG/ACTUAT / salmeterol 0.05 MG/ACTUAT [Advair]",NA,"S","NULL",896163,"Drug","RxNorm","Branded Drug Comp"
"232",40171028,"fluticasone propionate 0.1 MG/ACTUAT [Flovent]",NA,"S","NULL",896022,"Drug","RxNorm","Branded Drug Comp"
"233",40171029,"fluticasone propionate 0.11 MG/ACTUAT",NA,"S","NULL",895998,"Drug","RxNorm","Clinical Drug Comp"
"234",40171030,"fluticasone propionate 0.11 MG/ACTUAT [Flovent]",NA,"S","NULL",896000,"Drug","RxNorm","Branded Drug Comp"
"235",40171031,"fluticasone propionate 0.115 MG/ACTUAT",NA,"S","NULL",896238,"Drug","RxNorm","Clinical Drug Comp"
"236",40171032,"fluticasone propionate 0.115 MG/ACTUAT / salmeterol 0.021 MG/ACTUAT [Advair]",NA,"S","NULL",896241,"Drug","RxNorm","Branded Drug Comp"
"237",40171033,"fluticasone propionate 0.22 MG/ACTUAT",NA,"S","NULL",896003,"Drug","RxNorm","Clinical Drug Comp"
"238",40171034,"fluticasone propionate 0.22 MG/ACTUAT [Flovent]",NA,"S","NULL",896005,"Drug","RxNorm","Branded Drug Comp"
"239",40171035,"fluticasone propionate 0.23 MG/ACTUAT",NA,"S","NULL",896266,"Drug","RxNorm","Clinical Drug Comp"
"240",40171036,"fluticasone propionate 0.23 MG/ACTUAT / salmeterol 0.021 MG/ACTUAT [Advair]",NA,"S","NULL",896269,"Drug","RxNorm","Branded Drug Comp"
"241",40171037,"fluticasone propionate 0.25 MG/ACTUAT",NA,"S","NULL",896024,"Drug","RxNorm","Clinical Drug Comp"
"242",40171038,"fluticasone propionate 0.25 MG/ACTUAT / salmeterol 0.05 MG/ACTUAT [Advair]",NA,"S","NULL",896188,"Drug","RxNorm","Branded Drug Comp"
"243",40171039,"fluticasone propionate 0.25 MG/ACTUAT [Flovent]",NA,"S","NULL",896026,"Drug","RxNorm","Branded Drug Comp"
"244",40171042,"fluticasone propionate 0.5 MG/ACTUAT",NA,"S","NULL",896217,"Drug","RxNorm","Clinical Drug Comp"
"245",40171043,"fluticasone propionate 0.5 MG/ACTUAT / salmeterol 0.05 MG/ACTUAT [Advair]",NA,"S","NULL",896220,"Drug","RxNorm","Branded Drug Comp"
"246",40171044,"fluticasone propionate 0.5 MG/ML",NA,"S","NULL",895986,"Drug","RxNorm","Clinical Drug Comp"
"247",40171049,"fluticasone propionate 0.5 MG/ML [Cutivate]",NA,"S","NULL",895988,"Drug","RxNorm","Branded Drug Comp"
"248",40178622,"budesonide 3 MG [Entocort]",NA,"S","NULL",991399,"Drug","RxNorm","Branded Drug Comp"
"249",40221061,"triamcinolone acetonide 0.15 MG/ML",NA,"S","NULL",1805708,"Drug","RxNorm","Clinical Drug Comp"
"250",40221064,"triamcinolone acetonide 0.15 MG/ML [Genesis]",NA,"S","NULL",1805711,"Drug","RxNorm","Branded Drug Comp"
"251",40233947,"triamcinolone 1 MG [Aristocort]",NA,"S","NULL",1085694,"Drug","RxNorm","Branded Drug Comp"
"252",40233949,"triamcinolone 2 MG [Aristocort]",NA,"S","NULL",1085697,"Drug","RxNorm","Branded Drug Comp"
"253",40233951,"triamcinolone 4 MG [Aristocort]",NA,"S","NULL",1085699,"Drug","RxNorm","Branded Drug Comp"
"254",40233953,"triamcinolone 8 MG [Aristocort]",NA,"S","NULL",1085702,"Drug","RxNorm","Branded Drug Comp"
"255",40233954,"triamcinolone acetonide 0.00025 MG/MG",NA,"S","NULL",1085632,"Drug","RxNorm","Clinical Drug Comp"
"256",40233958,"triamcinolone acetonide 0.00025 MG/MG [Aristocort]",NA,"S","NULL",1085634,"Drug","RxNorm","Branded Drug Comp"
"257",40233959,"triamcinolone acetonide 0.00025 MG/MG [Kenalog]",NA,"S","NULL",1085713,"Drug","RxNorm","Branded Drug Comp"
"258",40233970,"triamcinolone acetonide 0.001 MG/MG [Aricin]",NA,"S","NULL",1085757,"Drug","RxNorm","Branded Drug Comp"
"259",40233971,"triamcinolone acetonide 0.001 MG/MG [Aristocort]",NA,"S","NULL",1085637,"Drug","RxNorm","Branded Drug Comp"
"260",40233972,"triamcinolone acetonide 0.001 MG/MG [Cinolar]",NA,"S","NULL",1085768,"Drug","RxNorm","Branded Drug Comp"
"261",40233973,"triamcinolone acetonide 0.001 MG/MG [Kenalog]",NA,"S","NULL",1085729,"Drug","RxNorm","Branded Drug Comp"
"262",40233976,"triamcinolone acetonide 0.005 MG/MG",NA,"S","NULL",1085639,"Drug","RxNorm","Clinical Drug Comp"
"263",40233980,"triamcinolone acetonide 0.005 MG/MG [Aristocort]",NA,"S","NULL",1085641,"Drug","RxNorm","Branded Drug Comp"
"264",40233981,"triamcinolone acetonide 0.005 MG/MG [Kenalog]",NA,"S","NULL",1085733,"Drug","RxNorm","Branded Drug Comp"
"265",40233982,"triamcinolone acetonide 0.05 MG/ACTUAT [Tri-Nasal]",NA,"S","NULL",1085988,"Drug","RxNorm","Branded Drug Comp"
"266",40233983,"triamcinolone acetonide 0.055 MG/ACTUAT",NA,"S","NULL",1085794,"Drug","RxNorm","Clinical Drug Comp"
"267",40233984,"triamcinolone acetonide 0.055 MG/ACTUAT [Nasacort]",NA,"S","NULL",1085796,"Drug","RxNorm","Branded Drug Comp"
"268",40233985,"triamcinolone acetonide 0.075 MG/ACTUAT",NA,"S","NULL",1085804,"Drug","RxNorm","Clinical Drug Comp"
"269",40233986,"triamcinolone acetonide 0.075 MG/ACTUAT [Azmacort]",NA,"S","NULL",1085806,"Drug","RxNorm","Branded Drug Comp"
"270",40233987,"triamcinolone acetonide 0.1 MG/ACTUAT",NA,"S","NULL",1086365,"Drug","RxNorm","Clinical Drug Comp"
"271",40233988,"triamcinolone acetonide 0.147 MG/ML",NA,"S","NULL",1085735,"Drug","RxNorm","Clinical Drug Comp"
"272",40233991,"triamcinolone acetonide 0.147 MG/ML [Kenalog]",NA,"S","NULL",1085737,"Drug","RxNorm","Branded Drug Comp"
"273",40233992,"triamcinolone acetonide 0.25 MG/ML",NA,"S","NULL",1085643,"Drug","RxNorm","Clinical Drug Comp"
"274",40234004,"triamcinolone acetonide 0.25 MG/ML [Aricin]",NA,"S","NULL",1085759,"Drug","RxNorm","Branded Drug Comp"
"275",40234005,"triamcinolone acetonide 0.25 MG/ML [Aristocort]",NA,"S","NULL",1085645,"Drug","RxNorm","Branded Drug Comp"
"276",40234006,"triamcinolone acetonide 0.25 MG/ML [Flutex]",NA,"S","NULL",1085774,"Drug","RxNorm","Branded Drug Comp"
"277",40234007,"triamcinolone acetonide 0.25 MG/ML [Kenalog]",NA,"S","NULL",1085739,"Drug","RxNorm","Branded Drug Comp"
"278",40234008,"triamcinolone acetonide 0.25 MG/ML [Triacet]",NA,"S","NULL",1085780,"Drug","RxNorm","Branded Drug Comp"
"279",40234009,"triamcinolone acetonide 0.5 MG/ML",NA,"S","NULL",1085976,"Drug","RxNorm","Clinical Drug Comp"
"280",40234021,"triamcinolone acetonide 1 MG/ML [Aricin]",NA,"S","NULL",1085761,"Drug","RxNorm","Branded Drug Comp"
"281",40234022,"triamcinolone acetonide 1 MG/ML [Aristocort]",NA,"S","NULL",1085657,"Drug","RxNorm","Branded Drug Comp"
"282",40234023,"triamcinolone acetonide 1 MG/ML [Delta Tritex]",NA,"S","NULL",1085971,"Drug","RxNorm","Branded Drug Comp"
"283",40234024,"triamcinolone acetonide 1 MG/ML [Flutex]",NA,"S","NULL",1085776,"Drug","RxNorm","Branded Drug Comp"
"284",40234025,"triamcinolone acetonide 1 MG/ML [Kenalog]",NA,"S","NULL",1085743,"Drug","RxNorm","Branded Drug Comp"
"285",40234026,"triamcinolone acetonide 1 MG/ML [Triacet]",NA,"S","NULL",1085782,"Drug","RxNorm","Branded Drug Comp"
"286",40234028,"triamcinolone acetonide 1 MG/ML [Zytopic]",NA,"S","NULL",1085784,"Drug","RxNorm","Branded Drug Comp"
"287",40234029,"triamcinolone acetonide 10 MG/ML",NA,"S","NULL",1085749,"Drug","RxNorm","Clinical Drug Comp"
"288",40234032,"triamcinolone acetonide 10 MG/ML [Kenalog]",NA,"S","NULL",1085751,"Drug","RxNorm","Branded Drug Comp"
"289",40234033,"triamcinolone acetonide 3 MG/ML",NA,"S","NULL",1085984,"Drug","RxNorm","Clinical Drug Comp"
"290",40234036,"triamcinolone acetonide 3 MG/ML [TAC]",NA,"S","NULL",1085986,"Drug","RxNorm","Branded Drug Comp"
"291",40234037,"triamcinolone acetonide 40 MG/ML",NA,"S","NULL",1085753,"Drug","RxNorm","Clinical Drug Comp"
"292",40234061,"triamcinolone acetonide 40 MG/ML [Acetocot]",NA,"S","NULL",1085999,"Drug","RxNorm","Branded Drug Comp"
"293",40234062,"triamcinolone acetonide 40 MG/ML [Cenocort]",NA,"S","NULL",1086339,"Drug","RxNorm","Branded Drug Comp"
"294",40234063,"triamcinolone acetonide 40 MG/ML [Clinalog]",NA,"S","NULL",1086034,"Drug","RxNorm","Branded Drug Comp"
"295",40234064,"triamcinolone acetonide 40 MG/ML [Cort-K]",NA,"S","NULL",1086036,"Drug","RxNorm","Branded Drug Comp"
"296",40234065,"triamcinolone acetonide 40 MG/ML [Cortinide]",NA,"S","NULL",1086239,"Drug","RxNorm","Branded Drug Comp"
"297",40234066,"triamcinolone acetonide 40 MG/ML [Ken-Jec]",NA,"S","NULL",1086039,"Drug","RxNorm","Branded Drug Comp"
"298",40234067,"triamcinolone acetonide 40 MG/ML [Kenaject]",NA,"S","NULL",1086043,"Drug","RxNorm","Branded Drug Comp"
"299",40234068,"triamcinolone acetonide 40 MG/ML [Kenalog]",NA,"S","NULL",1085755,"Drug","RxNorm","Branded Drug Comp"
"300",40234069,"triamcinolone acetonide 40 MG/ML [Robalog]",NA,"S","NULL",1086241,"Drug","RxNorm","Branded Drug Comp"
"301",40234070,"triamcinolone acetonide 40 MG/ML [Sano Log]",NA,"S","NULL",1086248,"Drug","RxNorm","Branded Drug Comp"
"302",40234071,"triamcinolone acetonide 40 MG/ML [TAC]",NA,"S","NULL",1086342,"Drug","RxNorm","Branded Drug Comp"
"303",40234072,"triamcinolone acetonide 40 MG/ML [Tramacort]",NA,"S","NULL",1086047,"Drug","RxNorm","Branded Drug Comp"
"304",40234073,"triamcinolone acetonide 40 MG/ML [Tri-Kort]",NA,"S","NULL",1086252,"Drug","RxNorm","Branded Drug Comp"
"305",40234074,"triamcinolone acetonide 40 MG/ML [Tri-Med]",NA,"S","NULL",1086254,"Drug","RxNorm","Branded Drug Comp"
"306",40234075,"triamcinolone acetonide 40 MG/ML [Triam]",NA,"S","NULL",1086053,"Drug","RxNorm","Branded Drug Comp"
"307",40234076,"triamcinolone acetonide 40 MG/ML [Triamcot]",NA,"S","NULL",1086256,"Drug","RxNorm","Branded Drug Comp"
"308",40234077,"triamcinolone acetonide 40 MG/ML [Triamonide]",NA,"S","NULL",1086113,"Drug","RxNorm","Branded Drug Comp"
"309",40234078,"triamcinolone acetonide 40 MG/ML [Triesence]",NA,"S","NULL",1086258,"Drug","RxNorm","Branded Drug Comp"
"310",40234079,"triamcinolone acetonide 40 MG/ML [Trilocort]",NA,"S","NULL",1086452,"Drug","RxNorm","Branded Drug Comp"
"311",40234080,"triamcinolone acetonide 40 MG/ML [Trilog]",NA,"S","NULL",1086260,"Drug","RxNorm","Branded Drug Comp"
"312",40234081,"triamcinolone acetonide 40 MG/ML [Trilone]",NA,"S","NULL",1086262,"Drug","RxNorm","Branded Drug Comp"
"313",40234082,"triamcinolone acetonide 40 MG/ML [U-Tri-Lone]",NA,"S","NULL",1086266,"Drug","RxNorm","Branded Drug Comp"
"314",40234083,"triamcinolone acetonide 5 MG/ML",NA,"S","NULL",1085685,"Drug","RxNorm","Clinical Drug Comp"
"315",40234090,"triamcinolone acetonide 5 MG/ML [Aricin]",NA,"S","NULL",1085763,"Drug","RxNorm","Branded Drug Comp"
"316",40234091,"triamcinolone acetonide 5 MG/ML [Aristocort]",NA,"S","NULL",1085687,"Drug","RxNorm","Branded Drug Comp"
"317",40234092,"triamcinolone acetonide 5 MG/ML [Cinalog]",NA,"S","NULL",1086270,"Drug","RxNorm","Branded Drug Comp"
"318",40234093,"triamcinolone acetonide 5 MG/ML [Flutex]",NA,"S","NULL",1085778,"Drug","RxNorm","Branded Drug Comp"
"319",40234094,"triamcinolone acetonide 5 MG/ML [Kenalog]",NA,"S","NULL",1085747,"Drug","RxNorm","Branded Drug Comp"
"320",40234715,"nystatin 100 UNT/MG / triamcinolone acetonide 0.001 MG/MG [Myco Biotic]",NA,"S","NULL",1053699,"Drug","RxNorm","Branded Drug Comp"
"321",40234716,"nystatin 100 UNT/MG / triamcinolone acetonide 0.001 MG/MG [Myco-Triacet]",NA,"S","NULL",1053703,"Drug","RxNorm","Branded Drug Comp"
"322",40234720,"nystatin 100 UNT/MG / triamcinolone acetonide 0.001 MG/MG [Mycogen]",NA,"S","NULL",1053710,"Drug","RxNorm","Branded Drug Comp"
"323",40234721,"nystatin 100 UNT/MG / triamcinolone acetonide 0.001 MG/MG [Mycolog]",NA,"S","NULL",1053714,"Drug","RxNorm","Branded Drug Comp"
"324",40234722,"nystatin 100 UNT/MG / triamcinolone acetonide 0.001 MG/MG [Myocidin]",NA,"S","NULL",1085099,"Drug","RxNorm","Branded Drug Comp"
"325",40234723,"nystatin 100 UNT/MG / triamcinolone acetonide 0.001 MG/MG [Mytrex]",NA,"S","NULL",1085120,"Drug","RxNorm","Branded Drug Comp"
"326",40234724,"nystatin 100 UNT/MG / triamcinolone acetonide 0.001 MG/MG [N.T.A.]",NA,"S","NULL",1085145,"Drug","RxNorm","Branded Drug Comp"
"327",40234725,"nystatin 100 UNT/MG / triamcinolone acetonide 0.001 MG/MG [Nyst-Olone]",NA,"S","NULL",1053734,"Drug","RxNorm","Branded Drug Comp"
"328",40234726,"nystatin 100 UNT/MG / triamcinolone acetonide 0.001 MG/MG [Tri-Statin]",NA,"S","NULL",1053738,"Drug","RxNorm","Branded Drug Comp"
"329",40234737,"nystatin 100000 UNT/ML / triamcinolone acetonide 1 MG/ML [Mycasone]",NA,"S","NULL",1085627,"Drug","RxNorm","Branded Drug Comp"
"330",40234738,"nystatin 100000 UNT/ML / triamcinolone acetonide 1 MG/ML [Myco Biotic]",NA,"S","NULL",1053754,"Drug","RxNorm","Branded Drug Comp"
"331",40234739,"nystatin 100000 UNT/ML / triamcinolone acetonide 1 MG/ML [Myco-Triacet]",NA,"S","NULL",1053759,"Drug","RxNorm","Branded Drug Comp"
"332",40234740,"nystatin 100000 UNT/ML / triamcinolone acetonide 1 MG/ML [Mycogen]",NA,"S","NULL",1053762,"Drug","RxNorm","Branded Drug Comp"
"333",40234741,"nystatin 100000 UNT/ML / triamcinolone acetonide 1 MG/ML [Mycolog]",NA,"S","NULL",1053766,"Drug","RxNorm","Branded Drug Comp"
"334",40234742,"nystatin 100000 UNT/ML / triamcinolone acetonide 1 MG/ML [Mycomar]",NA,"S","NULL",1085629,"Drug","RxNorm","Branded Drug Comp"
"335",40234743,"nystatin 100000 UNT/ML / triamcinolone acetonide 1 MG/ML [Mytrex]",NA,"S","NULL",1085611,"Drug","RxNorm","Branded Drug Comp"
"336",40234744,"nystatin 100000 UNT/ML / triamcinolone acetonide 1 MG/ML [N.T.A.]",NA,"S","NULL",1085613,"Drug","RxNorm","Branded Drug Comp"
"337",40234745,"nystatin 100000 UNT/ML / triamcinolone acetonide 1 MG/ML [Tri-Statin]",NA,"S","NULL",1053770,"Drug","RxNorm","Branded Drug Comp"
"338",40234790,"triamcinolone diacetate 0.4 MG/ML",NA,"S","NULL",1086325,"Drug","RxNorm","Clinical Drug Comp"
"339",40234792,"triamcinolone diacetate 0.8 MG/ML",NA,"S","NULL",1086327,"Drug","RxNorm","Clinical Drug Comp"
"340",40234794,"triamcinolone diacetate 10 MG/ML",NA,"S","NULL",1086335,"Drug","RxNorm","Clinical Drug Comp"
"341",40234796,"triamcinolone diacetate 25 MG/ML",NA,"S","NULL",1085665,"Drug","RxNorm","Clinical Drug Comp"
"342",40234799,"triamcinolone diacetate 25 MG/ML [Aristocort]",NA,"S","NULL",1085689,"Drug","RxNorm","Branded Drug Comp"
"343",40234800,"triamcinolone diacetate 40 MG/ML",NA,"S","NULL",1085679,"Drug","RxNorm","Clinical Drug Comp"
"344",40234810,"triamcinolone diacetate 40 MG/ML [Amcort]",NA,"S","NULL",1086005,"Drug","RxNorm","Branded Drug Comp"
"345",40234811,"triamcinolone diacetate 40 MG/ML [Aristocort]",NA,"S","NULL",1085692,"Drug","RxNorm","Branded Drug Comp"
"346",40234812,"triamcinolone diacetate 40 MG/ML [Cinolone]",NA,"S","NULL",1086029,"Drug","RxNorm","Branded Drug Comp"
"347",40234813,"triamcinolone diacetate 40 MG/ML [Clinacort]",NA,"S","NULL",1086032,"Drug","RxNorm","Branded Drug Comp"
"348",40234814,"triamcinolone diacetate 40 MG/ML [Cortilone]",NA,"S","NULL",1086234,"Drug","RxNorm","Branded Drug Comp"
"349",40234815,"triamcinolone diacetate 40 MG/ML [TDS Forte]",NA,"S","NULL",1086250,"Drug","RxNorm","Branded Drug Comp"
"350",40234816,"triamcinolone diacetate 40 MG/ML [Triam]",NA,"S","NULL",1086094,"Drug","RxNorm","Branded Drug Comp"
"351",40234817,"triamcinolone diacetate 40 MG/ML [Tristoject]",NA,"S","NULL",1086264,"Drug","RxNorm","Branded Drug Comp"
"352",40234818,"triamcinolone hexacetonide 20 MG/ML",NA,"S","NULL",1085995,"Drug","RxNorm","Clinical Drug Comp"
"353",40234821,"triamcinolone hexacetonide 20 MG/ML [Aristospan]",NA,"S","NULL",1085997,"Drug","RxNorm","Branded Drug Comp"
"354",40234822,"triamcinolone hexacetonide 5 MG/ML",NA,"S","NULL",1085991,"Drug","RxNorm","Clinical Drug Comp"
"355",40234825,"triamcinolone hexacetonide 5 MG/ML [Aristospan]",NA,"S","NULL",1085993,"Drug","RxNorm","Branded Drug Comp"
"356",40235895,"triamcinolone acetonide 0.0005 MG/MG",NA,"S","NULL",1090640,"Drug","RxNorm","Clinical Drug Comp"
"357",40239006,"triamcinolone acetonide 0.0005 MG/MG [Trianex]",NA,"S","NULL",1110804,"Drug","RxNorm","Branded Drug Comp"
"358",40239007,"triamcinolone acetonide 0.001 MG/MG [Adcortyl]",NA,"S","NULL",1110471,"Drug","RxNorm","Branded Drug Comp"
"359",40239008,"triamcinolone acetonide 0.001 MG/MG [Ledercort]",NA,"S","NULL",1110482,"Drug","RxNorm","Branded Drug Comp"
"360",42705815,"ciclesonide 0.037 MG/ACTUAT",NA,"S","NULL",1242797,"Drug","RxNorm","Clinical Drug Comp"
"361",42705817,"ciclesonide 0.037 MG/ACTUAT [Zetonna]",NA,"S","NULL",1242800,"Drug","RxNorm","Branded Drug Comp"
"362",42706341,"budesonide 0.08 MG/ACTUAT / formoterol fumarate 0.0045 MG/ACTUAT [Symbicort]",NA,"S","NULL",1246289,"Drug","RxNorm","Branded Drug Comp"
"363",42706348,"budesonide 0.16 MG/ACTUAT / formoterol fumarate 0.0045 MG/ACTUAT [Symbicort]",NA,"S","NULL",1246305,"Drug","RxNorm","Branded Drug Comp"
"364",42706350,"formoterol fumarate 0.005 MG/ACTUAT / mometasone furoate 0.1 MG/ACTUAT [Dulera]",NA,"S","NULL",1246309,"Drug","RxNorm","Branded Drug Comp"
"365",42706351,"formoterol fumarate 0.005 MG/ACTUAT / mometasone furoate 0.2 MG/ACTUAT [Dulera]",NA,"S","NULL",1246312,"Drug","RxNorm","Branded Drug Comp"
"366",43012543,"budesonide 9 MG",NA,"S","NULL",1366548,"Drug","RxNorm","Clinical Drug Comp"
"367",43012546,"budesonide 9 MG [Uceris]",NA,"S","NULL",1366552,"Drug","RxNorm","Branded Drug Comp"
"368",43013737,"neomycin 2.5 MG/ML / nystatin 100000 UNT/ML / thiostrepton 2500 UNT/ML / triamcinolone acetonide 1 MG/ML [Animax]",NA,"S","NULL",1368282,"Drug","RxNorm","Branded Drug Comp"
"369",43526086,"triamcinolone acetonide 1.5 MG [Cortalone]",NA,"S","NULL",1376436,"Drug","RxNorm","Branded Drug Comp"
"370",43532283,"fluticasone furoate 0.1 MG/ACTUAT",NA,"S","NULL",1424882,"Drug","RxNorm","Clinical Drug Comp"
"371",40239009,"triamcinolone acetonide 0.5 MG/ML [SP RX 228]",NA,"S","NULL",1110437,"Drug","RxNorm","Branded Drug Comp"
"372",40239014,"triamcinolone acetonide 1 MG/ML [Adcortyl]",NA,"S","NULL",1110420,"Drug","RxNorm","Branded Drug Comp"
"373",40239015,"triamcinolone acetonide 1 MG/ML [Ledercort]",NA,"S","NULL",1110479,"Drug","RxNorm","Branded Drug Comp"
"374",40239016,"triamcinolone acetonide 1 MG/ML [Rx Triamcinolone]",NA,"S","NULL",1110460,"Drug","RxNorm","Branded Drug Comp"
"375",40239443,"triamcinolone hexacetonide 20 MG/ML [Lederspan]",NA,"S","NULL",1110481,"Drug","RxNorm","Branded Drug Comp"
"376",40239444,"triamcinolone hexacetonide 5 MG/ML [Lederspan]",NA,"S","NULL",1110480,"Drug","RxNorm","Branded Drug Comp"
"377",40241179,"triamcinolone acetonide 0.5 MG",NA,"S","NULL",1114839,"Drug","RxNorm","Clinical Drug Comp"
"378",40241184,"triamcinolone acetonide 1.5 MG",NA,"S","NULL",1114841,"Drug","RxNorm","Clinical Drug Comp"
"379",40242701,"mometasone furoate 0.37 MG",NA,"S","NULL",1148517,"Drug","RxNorm","Clinical Drug Comp"
"380",40242704,"mometasone furoate 0.37 MG [Propel]",NA,"S","NULL",1148521,"Drug","RxNorm","Branded Drug Comp"
"381",42799274,"azelastine hydrochloride 0.137 MG/ACTUAT / fluticasone propionate 0.05 MG/ACTUAT [Dymista]",NA,"S","NULL",1291862,"Drug","RxNorm","Branded Drug Comp"
"382",44507749,"triamcinolone acetonide 1 MG/ML [Dermasorb TA]",NA,"S","NULL",1442873,"Drug","RxNorm","Branded Drug Comp"
"383",45775244,"fluticasone furoate 0.1 MG/ACTUAT / vilanterol 0.025 MG/ACTUAT [Breo]",NA,"S","NULL",1539888,"Drug","RxNorm","Branded Drug Comp"
"384",45776179,"fluticasone furoate 0.1 MG/ACTUAT [Arnuity]",NA,"S","NULL",1547659,"Drug","RxNorm","Branded Drug Comp"
"385",45776185,"fluticasone furoate 0.2 MG/ACTUAT",NA,"S","NULL",1547665,"Drug","RxNorm","Clinical Drug Comp"
"386",45776296,"fluticasone furoate 0.2 MG/ACTUAT [Arnuity]",NA,"S","NULL",1547667,"Drug","RxNorm","Branded Drug Comp"
"387",45892455,"budesonide 2 MG/ACTUAT",NA,"S","NULL",1596771,"Drug","RxNorm","Clinical Drug Comp"
"388",45892458,"budesonide 2 MG/ACTUAT [Uceris]",NA,"S","NULL",1596774,"Drug","RxNorm","Branded Drug Comp"
"389",46221667,"mometasone 1 MG/ML",NA,"S","NULL",1606017,"Drug","RxNorm","Clinical Drug Comp"
"390",46234369,"fluticasone furoate 0.2 MG/ACTUAT / vilanterol 0.025 MG/ACTUAT [Breo]",NA,"S","NULL",1648784,"Drug","RxNorm","Branded Drug Comp"
"391",46221671,"clotrimazole 10 MG/ML / gentamicin 3 MG/ML / mometasone 1 MG/ML [Motazol]",NA,"S","NULL",1606023,"Drug","RxNorm","Branded Drug Comp"
"392",46287627,"clotrimazole 10 MG/ML / gentamicin 3 MG/ML / mometasone 1 MG/ML [Mometamax]",NA,"S","NULL",1666826,"Drug","RxNorm","Branded Drug Comp"
