concept_id,desired,comments,concept_name,standard_concept,standard_concept_caption,invalid_reason,invalid_reason_caption,concept_code,domain_id,vocabulary_id,concept_class_id,
1036286,,,phenylephrine 1.2 MG/ML / prednisolone 5 MG/ML / sulfacetamide 100 MG/ML Ophthalmic Suspension,S,,NULL,,312193,Drug,RxNorm,Clinical Drug,
1113120,,,aspirin 300 MG / methylprednisolone 1.5 MG Oral Tablet,S,,NULL,,245993,Drug,RxNorm,Clinical Drug,
1136635,,,phenylephrine 1.2 MG/ML / prednisolone 10 MG/ML Ophthalmic Suspension,S,,NULL,,249424,Drug,RxNorm,Clinical Drug,
1136641,,,phenylephrine 0.8 MG/ML / prednisolone 1 MG/ML Ophthalmic Suspension,S,,NULL,,251979,Drug,RxNorm,Clinical Drug,
1506270,,,methylprednisolone,S,,NULL,,6902,Drug,RxNorm,Ingredient,
1506312,,,methylprednisolone 2 MG Oral Tablet,S,,NULL,,197969,Drug,RxNorm,Clinical Drug,
1506314,,,methylprednisolone 32 MG Oral Tablet,S,,NULL,,197971,Drug,RxNorm,Clinical Drug,
1506315,,,methylprednisolone 8 MG Oral Tablet,S,,NULL,,197973,Drug,RxNorm,Clinical Drug,
1506316,,,methylprednisolone 100 MG Oral Tablet,S,,NULL,,199771,Drug,RxNorm,Clinical Drug,
1506426,,,methylprednisolone 4 MG Oral Tablet,S,,NULL,,259966,Drug,RxNorm,Clinical Drug,
1506430,,,methylprednisolone 40 MG Injection,S,,NULL,,311659,Drug,RxNorm,Clinical Drug,
1506472,,,methylprednisolone 2 MG,S,,NULL,,316285,Drug,RxNorm,Clinical Drug Comp,
1506473,,,methylprednisolone 24 MG,S,,NULL,,316286,Drug,RxNorm,Clinical Drug Comp,
1506474,,,methylprednisolone 32 MG,S,,NULL,,316287,Drug,RxNorm,Clinical Drug Comp,
1506475,,,methylprednisolone 8 MG,S,,NULL,,316288,Drug,RxNorm,Clinical Drug Comp,
1506476,,,methylprednisolone 16 MG,S,,NULL,,317426,Drug,RxNorm,Clinical Drug Comp,
1506477,,,methylprednisolone 4 MG,S,,NULL,,317427,Drug,RxNorm,Clinical Drug Comp,
1506479,,,methylprednisolone 16 MG Oral Tablet,S,,NULL,,328161,Drug,RxNorm,Clinical Drug,
1506513,,,methylprednisolone 100 MG,S,,NULL,,332216,Drug,RxNorm,Clinical Drug Comp,
1506516,,,methylprednisolone 20 MG/ML,S,,NULL,,337312,Drug,RxNorm,Clinical Drug Comp,
1506520,,,methylprednisolone 62.5 MG/ML,S,,NULL,,346173,Drug,RxNorm,Clinical Drug Comp,
1550557,,,prednisolone,S,,NULL,,8638,Drug,RxNorm,Ingredient,
1550560,,,prednisolone 5 MG Oral Tablet,S,,NULL,,198142,Drug,RxNorm,Clinical Drug,
1550561,,,prednisolone 1 MG Oral Tablet,S,,NULL,,199343,Drug,RxNorm,Clinical Drug,
1550572,,,prednisolone 25 MG Oral Tablet,S,,NULL,,199967,Drug,RxNorm,Clinical Drug,
1550577,,,prednisolone 1.25 MG/ML Ophthalmic Solution [Inflamase Mild],S,,NULL,,211752,Drug,RxNorm,Branded Drug,
1550578,,,prednisolone 10 MG/ML Ophthalmic Solution [AK-Pred],S,,NULL,,211753,Drug,RxNorm,Branded Drug,
1550579,,,prednisolone 10 MG/ML Ophthalmic Solution [Inflamase Forte],S,,NULL,,211754,Drug,RxNorm,Branded Drug,
1550580,,,prednisolone 10 MG/ML Ophthalmic Solution [Prednisol],S,,NULL,,211755,Drug,RxNorm,Branded Drug,
1550652,,,niacinamide 25 MG/ML / prednisolone 20 MG/ML Injectable Solution,S,,NULL,,242887,Drug,RxNorm,Clinical Drug,
1550654,,,prednisolone 10 MG/ML Injectable Solution,S,,NULL,,249447,Drug,RxNorm,Clinical Drug,
1550657,,,prednisolone 0.002 MG/MG Ophthalmic Ointment,S,,NULL,,252948,Drug,RxNorm,Clinical Drug,
1550716,,,prednisolone 25 MG/ML Injectable Suspension [Cotolone],S,,NULL,,261992,Drug,RxNorm,Branded Drug,
1550717,,,prednisolone 50 MG/ML Injectable Suspension [Cotolone],S,,NULL,,261993,Drug,RxNorm,Branded Drug,
1550719,,,prednisolone 1 MG/ML Oral Solution [Prelone],S,,NULL,,284275,Drug,RxNorm,Branded Drug,
1550720,,,prednisolone 3 MG/ML Oral Solution [Orapred],S,,NULL,,284516,Drug,RxNorm,Branded Drug,
1550774,,,prednisolone 5 MG/ML Ophthalmic Solution,S,,NULL,,312611,Drug,RxNorm,Clinical Drug,
1550775,,,prednisolone 1 MG/ML Oral Solution,S,,NULL,,312614,Drug,RxNorm,Clinical Drug,
1550776,,,prednisolone 10 MG/ML Ophthalmic Solution,S,,NULL,,314165,Drug,RxNorm,Clinical Drug,
1550777,,,prednisolone 5 MG,S,,NULL,,316579,Drug,RxNorm,Clinical Drug Comp,
1550778,,,prednisolone 3 MG/ML,S,,NULL,,317474,Drug,RxNorm,Clinical Drug Comp,
1550779,,,prednisolone 80 MG/ML,S,,NULL,,323918,Drug,RxNorm,Clinical Drug Comp,
1550780,,,prednisolone 40 MG/ML,S,,NULL,,323977,Drug,RxNorm,Clinical Drug Comp,
1550915,,,prednisolone 2 MG/ML,S,,NULL,,328812,Drug,RxNorm,Clinical Drug Comp,
1550916,,,prednisolone 2.5 MG/ML,S,,NULL,,328813,Drug,RxNorm,Clinical Drug Comp,
1550917,,,prednisolone 5 MG/ML,S,,NULL,,328814,Drug,RxNorm,Clinical Drug Comp,
1550918,,,prednisolone 1.2 MG/ML,S,,NULL,,328815,Drug,RxNorm,Clinical Drug Comp,
1550919,,,prednisolone 1.25 MG/ML,S,,NULL,,328816,Drug,RxNorm,Clinical Drug Comp,
1550943,,,prednisolone 0.005 MG/MG,S,,NULL,,333913,Drug,RxNorm,Clinical Drug Comp,
1550944,,,prednisolone 0.002 MG/MG,S,,NULL,,333914,Drug,RxNorm,Clinical Drug Comp,
1550945,,,prednisolone 0.0025 MG/MG,S,,NULL,,333915,Drug,RxNorm,Clinical Drug Comp,
1550946,,,prednisolone 0.3 MG/ML,S,,NULL,,335262,Drug,RxNorm,Clinical Drug Comp,
1550947,,,prednisolone 0.2 MG/ML,S,,NULL,,335528,Drug,RxNorm,Clinical Drug Comp,
1550948,,,prednisolone 2.5 MG,S,,NULL,,335529,Drug,RxNorm,Clinical Drug Comp,
1550949,,,prednisolone 0.0019 MG/MG,S,,NULL,,335533,Drug,RxNorm,Clinical Drug Comp,
1550950,,,prednisolone 1.3 MG,S,,NULL,,335535,Drug,RxNorm,Clinical Drug Comp,
1550951,,,prednisolone 25 MG/ML,S,,NULL,,337411,Drug,RxNorm,Clinical Drug Comp,
1550974,,,prednisolone 1.25 MG/ML Ophthalmic Solution,S,,NULL,,345131,Drug,RxNorm,Clinical Drug,
1550975,,,prednisolone 5 MG Oral Tablet [Cotolone],S,,NULL,,351519,Drug,RxNorm,Branded Drug,
1550980,,,prednisolone 4 MG/ML,S,,NULL,,446683,Drug,RxNorm,Clinical Drug Comp,
1551003,,,prednisolone 10 MG/ML Ophthalmic Solution [Isolone Forte],S,,NULL,,542617,Drug,RxNorm,Branded Drug,
1551004,,,prednisolone 25 MG/ML Injectable Suspension [Pricortin],S,,NULL,,547222,Drug,RxNorm,Branded Drug,
1551005,,,prednisolone 1.2 MG/ML Ophthalmic Suspension,S,,NULL,,562379,Drug,RxNorm,Clinical Drug,
1551006,,,prednisolone 20 MG/ML Injectable Suspension,S,,NULL,,562654,Drug,RxNorm,Clinical Drug,
1551007,,,prednisolone 40 MG/ML Injectable Suspension,S,,NULL,,562661,Drug,RxNorm,Clinical Drug,
1551008,,,prednisolone 80 MG/ML Injectable Suspension,S,,NULL,,562662,Drug,RxNorm,Clinical Drug,
1551009,,,prednisolone 1.2 MG/ML Ophthalmic Solution,S,,NULL,,562781,Drug,RxNorm,Clinical Drug,
1551010,,,prednisolone 10 MG Disintegrating Oral Tablet,S,,NULL,,643123,Drug,RxNorm,Clinical Drug,
1551011,,,prednisolone 15 MG,S,,NULL,,643124,Drug,RxNorm,Clinical Drug Comp,
1551042,,,prednisolone 15 MG Disintegrating Oral Tablet,S,,NULL,,643125,Drug,RxNorm,Clinical Drug,
1551043,,,prednisolone 30 MG,S,,NULL,,643126,Drug,RxNorm,Clinical Drug Comp,
1551044,,,prednisolone 30 MG Disintegrating Oral Tablet,S,,NULL,,643127,Drug,RxNorm,Clinical Drug,
1551045,,,prednisolone 15 MG Disintegrating Oral Tablet [Orapred],S,,NULL,,647127,Drug,RxNorm,Branded Drug,
1551046,,,prednisolone 10 MG Disintegrating Oral Tablet [Orapred],S,,NULL,,668658,Drug,RxNorm,Branded Drug,
1551051,,,prednisolone 1 MG/ML Oral Suspension,S,,NULL,,792957,Drug,RxNorm,Clinical Drug,
1551093,,,prednisolone 2 MG/ML Oral Solution,S,,NULL,,794979,Drug,RxNorm,Clinical Drug,
1551098,,,prednisolone 4 MG/ML Oral Solution [Veripred],S,,NULL,,824889,Drug,RxNorm,Branded Drug,
19001446,,,prednisolone 16 MG/ML Injectable Solution [Codelsol],S,,NULL,,102857,Drug,RxNorm,Branded Drug,
19001447,,,prednisolone 5 MG Oral Tablet [Stintisone],S,,NULL,,102858,Drug,RxNorm,Branded Drug,
19001448,,,prednisolone 16 MG/ML Injectable Solution,S,,NULL,,102859,Drug,RxNorm,Clinical Drug,
19002013,,,prednisolone 16 MG/ML Injectable Solution [Codelson],S,,NULL,,103166,Drug,RxNorm,Branded Drug,
19002079,,,prednisolone 5 MG/ML Ophthalmic Solution [Predsol],S,,NULL,,103223,Drug,RxNorm,Branded Drug,
19002140,,,prednisolone 5 MG/ML Otic Solution [Predsol],S,,NULL,,103263,Drug,RxNorm,Branded Drug,
19002161,,,prednisolone 5 MG/ML Otic Solution,S,,NULL,,103264,Drug,RxNorm,Clinical Drug,
19003483,,,prednisolone 0.2 MG/ML Enema [Predenema],S,,NULL,,104171,Drug,RxNorm,Branded Drug,
19003484,,,prednisolone 0.2 MG/ML Enema [Predsol],S,,NULL,,104172,Drug,RxNorm,Branded Drug,
19003485,,,prednisolone 5 MG Rectal Suppository [Predsol],S,,NULL,,104173,Drug,RxNorm,Branded Drug,
19003486,,,prednisolone 20 MG Enema [Predfoam],S,,NULL,,104174,Drug,RxNorm,Branded Drug,
19006540,,,prednisolone 3 MG/ML [Orapred],S,,NULL,,574944,Drug,RxNorm,Branded Drug Comp,
19006571,,,prednisolone 15 MG [Orapred],S,,NULL,,647125,Drug,RxNorm,Branded Drug Comp,
19006572,,,prednisolone 10 MG [Orapred],S,,NULL,,668657,Drug,RxNorm,Branded Drug Comp,
19006573,,,prednisolone 30 MG [Orapred],S,,NULL,,668659,Drug,RxNorm,Branded Drug Comp,
19007004,,,methylprednisolone 50 MG/ML Injectable Solution,S,,NULL,,105404,Drug,RxNorm,Clinical Drug,
19007005,,,prednisolone 5 MG Oral Tablet [Prednesol],S,,NULL,,105407,Drug,RxNorm,Branded Drug,
19007006,,,prednisolone 2.5 MG Delayed Release Oral Tablet,S,,NULL,,105408,Drug,RxNorm,Clinical Drug,
19007007,,,prednisolone 5 MG Delayed Release Oral Tablet,S,,NULL,,105409,Drug,RxNorm,Clinical Drug,
19007008,,,prednisolone 5 MG Disintegrating Oral Tablet,S,,NULL,,105410,Drug,RxNorm,Clinical Drug,
19007009,,,prednisolone 2.5 MG Oral Tablet,S,,NULL,,105411,Drug,RxNorm,Clinical Drug,
19008239,,,prednisolone 5 MG/ML Ophthalmic Solution [Minims Prednisolone],S,,NULL,,106025,Drug,RxNorm,Branded Drug,
19009430,,,prednisolone 0.01 MG/ML Ophthalmic Solution,S,,NULL,,106992,Drug,RxNorm,Clinical Drug,
19009451,,,prednisolone 0.03 MG/ML Ophthalmic Solution,S,,NULL,,106993,Drug,RxNorm,Clinical Drug,
19009452,,,prednisolone 0.1 MG/ML Ophthalmic Solution,S,,NULL,,106994,Drug,RxNorm,Clinical Drug,
19009453,,,prednisolone 0.3 MG/ML Ophthalmic Solution,S,,NULL,,106995,Drug,RxNorm,Clinical Drug,
19009454,,,prednisolone 1 MG/ML Ophthalmic Solution,S,,NULL,,106996,Drug,RxNorm,Clinical Drug,
19009455,,,prednisolone 3 MG/ML Ophthalmic Solution,S,,NULL,,106997,Drug,RxNorm,Clinical Drug,
19009885,,,prednisolone 20 MG Rectal Foam,S,,NULL,,107666,Drug,RxNorm,Clinical Drug,
19010087,,,prednisolone 20 MG Rectal Foam [Predfoam],S,,NULL,,108304,Drug,RxNorm,Branded Drug,
19019158,,,methylprednisolone 24 MG Oral Tablet,S,,NULL,,197970,Drug,RxNorm,Clinical Drug,
19019692,,,prednisolone 80 MG/ML Injectable Solution,S,,NULL,,198143,Drug,RxNorm,Clinical Drug,
19022611,,,prednisolone 5 MG/ML Ophthalmic Suspension,S,,NULL,,199968,Drug,RxNorm,Clinical Drug,
19030441,,,gentamicin 3 MG/ML / prednisolone acetate 10 MG/ML Ophthalmic Suspension [Pred-G],S,,NULL,,205826,Drug,RxNorm,Branded Drug,
19033819,,,prednisolone 1.2 MG/ML [Ocu-Pred],S,,NULL,,575551,Drug,RxNorm,Branded Drug Comp,
19033841,,,prednisolone 10 MG/ML [Ocu-Pred Forte],S,,NULL,,575552,Drug,RxNorm,Branded Drug Comp,
19034645,,,methylprednisolone 2 MG Oral Tablet [Medrol],S,,NULL,,207136,Drug,RxNorm,Branded Drug,
19034646,,,methylprednisolone 8 MG Oral Tablet [Medrol],S,,NULL,,207137,Drug,RxNorm,Branded Drug,
19034647,,,methylprednisolone 16 MG Oral Tablet [Medrol],S,,NULL,,207138,Drug,RxNorm,Branded Drug,
19034648,,,methylprednisolone 24 MG Oral Tablet [Medrol],S,,NULL,,207139,Drug,RxNorm,Branded Drug,
19034650,,,methylprednisolone 32 MG Oral Tablet [Medrol],S,,NULL,,207141,Drug,RxNorm,Branded Drug,
19034804,,,methylprednisolone 40 MG Injection [A-MethaPred],S,,NULL,,207190,Drug,RxNorm,Branded Drug,
19034805,,,methylprednisolone 40 MG Injection [Solu-Medrol],S,,NULL,,207191,Drug,RxNorm,Branded Drug,
19034806,,,methylprednisolone 125 MG Injection [A-MethaPred],S,,NULL,,207192,Drug,RxNorm,Branded Drug,
19034807,,,methylprednisolone 62.5 MG/ML Injectable Solution [Solu-Medrol],S,,NULL,,207193,Drug,RxNorm,Branded Drug,
19036100,,,neomycin 3.5 MG/ML / polymyxin B 10000 UNT/ML / prednisolone 5 MG/ML Ophthalmic Suspension [Poly Pred],S,,NULL,,207638,Drug,RxNorm,Branded Drug,
19040242,,,prednisolone acetate 5 MG Oral Tablet,S,,NULL,,208988,Drug,RxNorm,Clinical Drug,
19040276,,,prednisolone 1.2 MG/ML Ophthalmic Suspension [Pred Mild],S,,NULL,,209002,Drug,RxNorm,Branded Drug,
19042857,,,prednisolone 4 MG/ML [Veripred],S,,NULL,,824887,Drug,RxNorm,Branded Drug Comp,
19043507,,,methylprednisolone 2 MG [Medrol],S,,NULL,,567927,Drug,RxNorm,Branded Drug Comp,
19043508,,,methylprednisolone 8 MG [Medrol],S,,NULL,,567928,Drug,RxNorm,Branded Drug Comp,
19043509,,,methylprednisolone 16 MG [Medrol],S,,NULL,,567929,Drug,RxNorm,Branded Drug Comp,
19043531,,,methylprednisolone 32 MG [Medrol],S,,NULL,,567932,Drug,RxNorm,Branded Drug Comp,
19043532,,,methylprednisolone 4 MG [Medrol],S,,NULL,,574125,Drug,RxNorm,Branded Drug Comp,
19044143,,,prednisolone 1.2 MG/ML [Pred Mild],S,,NULL,,569642,Drug,RxNorm,Branded Drug Comp,
19046405,,,prednisolone 1.25 MG/ML Ophthalmic Solution [AK-Pred],S,,NULL,,211751,Drug,RxNorm,Branded Drug,
19048394,,,methylprednisolone 62.5 MG/ML [Solu-Medrol],S,,NULL,,567984,Drug,RxNorm,Branded Drug Comp,
19048691,,,prednisolone 20 MG/ML Injectable Suspension [Hydeltra-T.B.A.],S,,NULL,,214105,Drug,RxNorm,Branded Drug,
916347,,,neomycin 5 MG / prednisolone 5 MG Topical Ointment,S,,NULL,,311931,Drug,RxNorm,Clinical Drug,
923877,,,dibucaine 0.005 MG/MG / prednisolone 0.0019 MG/MG Rectal Ointment,S,,NULL,,249191,Drug,RxNorm,Clinical Drug,
948692,,,neomycin 3.5 MG/ML / polymyxin B 10000 UNT/ML / prednisolone 5 MG/ML Ophthalmic Suspension,S,,NULL,,311888,Drug,RxNorm,Clinical Drug,
990095,,,chloramphenicol 1 MG/ML / prednisolone 5 MG/ML Ophthalmic Solution,S,,NULL,,246727,Drug,RxNorm,Clinical Drug,
990100,,,chloramphenicol 2 MG/ML / prednisolone 5 MG/ML Ophthalmic Suspension,S,,NULL,,249573,Drug,RxNorm,Clinical Drug,
1594688,,,prednisolone acetate 0.006 MG/MG,S,,NULL,,1870654,Drug,RxNorm,Clinical Drug Comp,
1594690,,,gentamicin / prednisolone Ophthalmic Ointment,S,,NULL,,1870656,Drug,RxNorm,Clinical Drug Form,
1594691,,,gentamicin 0.003 MG/MG / prednisolone acetate 0.006 MG/MG [Pred-G],S,,NULL,,1870659,Drug,RxNorm,Branded Drug Comp,
1594692,,,gentamicin / prednisolone Ophthalmic Ointment [Pred-G],S,,NULL,,1870660,Drug,RxNorm,Branded Drug Form,
1594693,,,gentamicin / prednisolone Ophthalmic Suspension,S,,NULL,,1870666,Drug,RxNorm,Clinical Drug Form,
1594694,,,gentamicin 3 MG/ML / prednisolone acetate 10 MG/ML [Pred-G],S,,NULL,,1870668,Drug,RxNorm,Branded Drug Comp,
1594695,,,gentamicin / prednisolone Ophthalmic Suspension [Pred-G],S,,NULL,,1870669,Drug,RxNorm,Branded Drug Form,
19070310,,,prednisolone 3 MG/ML Oral Solution,S,,NULL,,283077,Drug,RxNorm,Clinical Drug,
19070678,,,prednisolone 25 MG/ML [Key-Pred],S,,NULL,,574179,Drug,RxNorm,Branded Drug Comp,
19070679,,,prednisolone 50 MG/ML [Key-Pred],S,,NULL,,574182,Drug,RxNorm,Branded Drug Comp,
19071469,,,prednisolone 10 MG/ML [Isolone Forte],S,,NULL,,542615,Drug,RxNorm,Branded Drug Comp,
19072791,,,prednisolone 50 MG/ML [Medicort],S,,NULL,,574183,Drug,RxNorm,Branded Drug Comp,
19076982,,,prednisolone 1 MG/ML [Pediapred],S,,NULL,,574196,Drug,RxNorm,Branded Drug Comp,
19077602,,,gentamicin 0.003 MG/MG / prednisolone acetate 0.006 MG/MG Ophthalmic Ointment,S,,NULL,,310468,Drug,RxNorm,Clinical Drug,
19077603,,,gentamicin 3 MG/ML / prednisolone acetate 10 MG/ML Ophthalmic Suspension,S,,NULL,,310469,Drug,RxNorm,Clinical Drug,
19078058,,,prednisolone 50 MG/ML [Pred-Ject-50],S,,NULL,,574184,Drug,RxNorm,Branded Drug Comp,
19078060,,,prednisolone 50 MG/ML [Predacort 50],S,,NULL,,574185,Drug,RxNorm,Branded Drug Comp,
19078084,,,prednisolone 50 MG/ML [Predaject-50],S,,NULL,,574186,Drug,RxNorm,Branded Drug Comp,
19078086,,,prednisolone 50 MG/ML [Predalone 50],S,,NULL,,574187,Drug,RxNorm,Branded Drug Comp,
19078088,,,prednisolone 50 MG/ML [Predate-50],S,,NULL,,574188,Drug,RxNorm,Branded Drug Comp,
19078111,,,prednisolone 50 MG/ML [Predcor],S,,NULL,,574189,Drug,RxNorm,Branded Drug Comp,
19078141,,,prednisolone 3 MG/ML [Prelone],S,,NULL,,569628,Drug,RxNorm,Branded Drug Comp,
19078142,,,prednisolone 1 MG/ML [Prelone],S,,NULL,,574754,Drug,RxNorm,Branded Drug Comp,
19078293,,,prednisolone 50 MG/ML [Pri-Cortin 50],S,,NULL,,574191,Drug,RxNorm,Branded Drug Comp,
19079356,,,prednisolone 2 MG/ML / sulfacetamide 100 MG/ML Ophthalmic Solution,S,,NULL,,312601,Drug,RxNorm,Clinical Drug,
19079358,,,prednisolone 2 MG/ML / sulfacetamide 200 MG/ML Ophthalmic Suspension,S,,NULL,,312603,Drug,RxNorm,Clinical Drug,
19079359,,,prednisolone 2.5 MG/ML Ophthalmic Suspension,S,,NULL,,312604,Drug,RxNorm,Clinical Drug,
19079404,,,prednisolone 100 MG/ML Injectable Suspension,S,,NULL,,312609,Drug,RxNorm,Clinical Drug,
19080181,,,methylprednisolone 62.5 MG/ML Injectable Solution,S,,NULL,,314099,Drug,RxNorm,Clinical Drug,
19082977,,,prednisolone 10 MG/ML,S,,NULL,,328310,Drug,RxNorm,Clinical Drug Comp,
19083175,,,prednisolone 20 MG/ML,S,,NULL,,328808,Drug,RxNorm,Clinical Drug Comp,
19083176,,,prednisolone 1 MG/ML,S,,NULL,,328809,Drug,RxNorm,Clinical Drug Comp,
19084229,,,methylprednisolone 40 MG,S,,NULL,,330037,Drug,RxNorm,Clinical Drug Comp,
19084526,,,prednisolone 100 MG/ML,S,,NULL,,330164,Drug,RxNorm,Clinical Drug Comp,
19089451,,,prednisolone 1 MG,S,,NULL,,333209,Drug,RxNorm,Clinical Drug Comp,
19089452,,,prednisolone 25 MG,S,,NULL,,333210,Drug,RxNorm,Clinical Drug Comp,
19090623,,,methylprednisolone 1.5 MG,S,,NULL,,334064,Drug,RxNorm,Clinical Drug Comp,
19091759,,,prednisolone 20 MG/ACTUAT,S,,NULL,,335531,Drug,RxNorm,Clinical Drug Comp,
19091760,,,prednisolone 100 MG,S,,NULL,,335532,Drug,RxNorm,Clinical Drug Comp,
19092830,,,prednisolone 20 MG,S,,NULL,,336584,Drug,RxNorm,Clinical Drug Comp,
19093831,,,methylprednisolone 1 MG/ML,S,,NULL,,340167,Drug,RxNorm,Clinical Drug Comp,
19095559,,,prednisolone 50 MG/ML,S,,NULL,,343660,Drug,RxNorm,Clinical Drug Comp,
19095716,,,prednisolone 0.01 MG/ML,S,,NULL,,345097,Drug,RxNorm,Clinical Drug Comp,
19095717,,,prednisolone 0.03 MG/ML,S,,NULL,,345098,Drug,RxNorm,Clinical Drug Comp,
19095718,,,prednisolone 0.1 MG/ML,S,,NULL,,345099,Drug,RxNorm,Clinical Drug Comp,
19095811,,,prednisolone acetate 3 MG/ML,S,,NULL,,345878,Drug,RxNorm,Clinical Drug Comp,
19095812,,,prednisolone acetate 5 MG,S,,NULL,,345879,Drug,RxNorm,Clinical Drug Comp,
19095813,,,prednisolone acetate 20 MG/ML,S,,NULL,,345880,Drug,RxNorm,Clinical Drug Comp,
19096255,,,prednisolone 1.1 MG/ML Ophthalmic Solution,S,,NULL,,347155,Drug,RxNorm,Clinical Drug,
19096439,,,prednisolone 50 MG Oral Tablet,S,,NULL,,348428,Drug,RxNorm,Clinical Drug,
19096935,,,prednisolone 50 MG,S,,NULL,,349801,Drug,RxNorm,Clinical Drug Comp,
19097091,,,prednisolone 1.1 MG/ML,S,,NULL,,349970,Drug,RxNorm,Clinical Drug Comp,
19098154,,,prednisolone 25 MG/ML Oral Solution,S,,NULL,,351159,Drug,RxNorm,Clinical Drug,
19098260,,,prednisolone 1.2 MG/ML Ophthalmic Solution [Ocu-Pred],S,,NULL,,351703,Drug,RxNorm,Branded Drug,
19098261,,,prednisolone 10 MG/ML Ophthalmic Solution [Ocu-Pred Forte],S,,NULL,,351704,Drug,RxNorm,Branded Drug,
19098918,,,prednisolone 16 MG/ML,S,,NULL,,353628,Drug,RxNorm,Clinical Drug Comp,
19099970,,,methylprednisolone 50 MG/ML,S,,NULL,,360536,Drug,RxNorm,Clinical Drug Comp,
19101719,,,prednisolone 20 MG/ML Injectable Solution,S,,NULL,,389031,Drug,RxNorm,Clinical Drug,
19101839,,,prednisolone 25 MG/ML Ophthalmic Suspension,S,,NULL,,392181,Drug,RxNorm,Clinical Drug,
19103259,,,prednisolone 2.5 MG/ML Topical Spray,S,,NULL,,409432,Drug,RxNorm,Clinical Drug,
19104123,,,prednisolone 8 MG/ML Injectable Suspension,S,,NULL,,412642,Drug,RxNorm,Clinical Drug,
19104572,,,prednisolone 5 MG/ML / propylene glycol salicylate 1 MG/ML Topical Cream,S,,NULL,,415640,Drug,RxNorm,Clinical Drug,
19104623,,,methylprednisolone 20 MG/ML Injectable Solution,S,,NULL,,415817,Drug,RxNorm,Clinical Drug,
19104629,,,methylprednisolone 5 MG/ML Injectable Solution,S,,NULL,,415856,Drug,RxNorm,Clinical Drug,
19104630,,,methylprednisolone 10 MG/ML Injectable Solution,S,,NULL,,415857,Drug,RxNorm,Clinical Drug,
19104651,,,prednisolone 0.01 MG/MG Topical Gel,S,,NULL,,415884,Drug,RxNorm,Clinical Drug,
19104742,,,bisdequalinium 4.8 MG/ML / prednisolone 2.5 MG/ML Topical Cream,S,,NULL,,416363,Drug,RxNorm,Clinical Drug,
19104774,,,dequalinium 0.003 MG/MG / polidocanol 0.003 MG/MG / prednisolone 0.005 MG/MG Topical Gel,S,,NULL,,416545,Drug,RxNorm,Clinical Drug,
19104778,,,estradiol 0.05 MG/ML / prednisolone 4 MG/ML Topical Cream,S,,NULL,,416566,Drug,RxNorm,Clinical Drug,
19104786,,,clotrimazole 10 MG/ML / hexamidine 2.5 MG/ML / prednisolone 5 MG/ML Topical Cream,S,,NULL,,416576,Drug,RxNorm,Clinical Drug,
19104787,,,oxyquinoline 2.5 MG/ML / prednisolone 2.5 MG/ML Topical Cream,S,,NULL,,416577,Drug,RxNorm,Clinical Drug,
19104825,,,prednisolone 0.005 MG/MG Paste,S,,NULL,,416681,Drug,RxNorm,Clinical Drug,
19104893,,,prednisolone 0.01 MG/MG / rifamycins 0.0025 MG/MG Topical Ointment,S,,NULL,,417022,Drug,RxNorm,Clinical Drug,
19104954,,,neomycin 3 MG/ML / prednisolone 4 MG/ML Topical Cream,S,,NULL,,417397,Drug,RxNorm,Clinical Drug,
19105023,,,idoxuridine 0.002 MG/MG / prednisolone 0.002 MG/MG Topical Ointment,S,,NULL,,417779,Drug,RxNorm,Clinical Drug,
19105044,,,prednisolone 2.5 MG/ML Topical Cream,S,,NULL,,417893,Drug,RxNorm,Clinical Drug,
19105046,,,prednisolone 4 MG/ML Topical Cream,S,,NULL,,417896,Drug,RxNorm,Clinical Drug,
19105148,,,oxytetracycline 0.005 MG/MG / prednisolone 0.0025 MG/MG Topical Ointment,S,,NULL,,418460,Drug,RxNorm,Clinical Drug,
19105248,,,polidocanol 0.03 MG/MG / prednisolone 0.004 MG/MG / promethazine 0.02 MG/MG Topical Ointment,S,,NULL,,418925,Drug,RxNorm,Clinical Drug,
19105254,,,prednisolone 0.005 MG/MG Topical Ointment,S,,NULL,,418972,Drug,RxNorm,Clinical Drug,
19105257,,,prednisolone 0.002 MG/MG Topical Ointment,S,,NULL,,418976,Drug,RxNorm,Clinical Drug,
19105258,,,prednisolone 0.001 MG/MG Topical Ointment,S,,NULL,,418977,Drug,RxNorm,Clinical Drug,
19105259,,,prednisolone 0.0025 MG/MG Topical Ointment,S,,NULL,,418978,Drug,RxNorm,Clinical Drug,
19105263,,,prednisolone 0.004 MG/MG / zinc oxide 0.03 MG/MG Topical Ointment,S,,NULL,,418987,Drug,RxNorm,Clinical Drug,
19105274,,,chloramphenicol 0.002 MG/MG / prednisolone 0.005 MG/MG Topical Ointment,S,,NULL,,419051,Drug,RxNorm,Clinical Drug,
19105445,,,prednisolone 2 MG/ML / salicylic acid 4 MG/ML Topical Solution,S,,NULL,,420747,Drug,RxNorm,Clinical Drug,
19105451,,,prednisolone 100 MG Rectal Suppository,S,,NULL,,420775,Drug,RxNorm,Clinical Drug,
19105515,,,menthol 10 MG / prednisolone 1 MG / thymol 0.5 MG Rectal Suppository,S,,NULL,,421255,Drug,RxNorm,Clinical Drug,
19105526,,,dibucaine 1 MG / prednisolone 1.1 MG Rectal Suppository,S,,NULL,,421326,Drug,RxNorm,Clinical Drug,
19105547,,,bismuth chloride oxide 44 MG / prednisolone 2 MG / zinc oxide 66 MG Rectal Suppository,S,,NULL,,421480,Drug,RxNorm,Clinical Drug,
19105809,,,prednisolone 20 MG Enema,S,,NULL,,422650,Drug,RxNorm,Clinical Drug,
19106398,,,dexpanthenol 3 MG/ML / prednisolone 2 MG/ML / salicylic acid 10 MG/ML Topical Solution,S,,NULL,,428443,Drug,RxNorm,Clinical Drug,
19106650,,,methylprednisolone 40 MG Oral Tablet,S,,NULL,,429197,Drug,RxNorm,Clinical Drug,
19106651,,,prednisolone 2 MG Oral Tablet,S,,NULL,,429198,Drug,RxNorm,Clinical Drug,
19106652,,,prednisolone 20 MG Oral Tablet,S,,NULL,,429199,Drug,RxNorm,Clinical Drug,
19108490,,,prednisolone 10 MG Oral Tablet,S,,NULL,,436279,Drug,RxNorm,Clinical Drug,
19108506,,,prednisolone 100 MG/ML Injectable Solution,S,,NULL,,436507,Drug,RxNorm,Clinical Drug,
19108507,,,fluprednisolone 1.5 MG Oral Tablet,S,,NULL,,436508,Drug,RxNorm,Clinical Drug,
19108522,,,prednisolone 5 MG/ML Topical Cream,S,,NULL,,436615,Drug,RxNorm,Clinical Drug,
19110389,,,prednisolone 0.004 MG/MG,S,,NULL,,440700,Drug,RxNorm,Clinical Drug Comp,
19110847,,,methylprednisolone 10 MG/ML,S,,NULL,,446407,Drug,RxNorm,Clinical Drug Comp,
19110848,,,methylprednisolone 5 MG/ML,S,,NULL,,446408,Drug,RxNorm,Clinical Drug Comp,
19111234,,,fluprednisolone,S,,NULL,,4497,Drug,RxNorm,Ingredient,
19111612,,,prednisolone 2 MG,S,,NULL,,451086,Drug,RxNorm,Clinical Drug Comp,
19111614,,,prednisolone 1.1 MG,S,,NULL,,451089,Drug,RxNorm,Clinical Drug Comp,
19111617,,,prednisolone 0.001 MG/MG,S,,NULL,,451093,Drug,RxNorm,Clinical Drug Comp,
19111626,,,prednisolone 8 MG/ML,S,,NULL,,451110,Drug,RxNorm,Clinical Drug Comp,
19111657,,,prednisolone 0.01 MG/MG,S,,NULL,,451161,Drug,RxNorm,Clinical Drug Comp,
19112000,,,fluprednisolone 1.5 MG,S,,NULL,,451836,Drug,RxNorm,Clinical Drug Comp,
19112502,,,prednisolone 10 MG,S,,NULL,,452820,Drug,RxNorm,Clinical Drug Comp,
19113164,,,prednisolone 5 MG/ML [Prelone],S,,NULL,,539944,Drug,RxNorm,Branded Drug Comp,
19113720,,,prednisolone 1.1 MG/ML [AK-Pred],S,,NULL,,541543,Drug,RxNorm,Branded Drug Comp,
19113721,,,prednisolone 1.1 MG/ML Ophthalmic Solution [AK-Pred],S,,NULL,,541544,Drug,RxNorm,Branded Drug,
19113763,,,prednisolone 5 MG [Prednoral],S,,NULL,,541703,Drug,RxNorm,Branded Drug Comp,
19113764,,,prednisolone 5 MG Oral Tablet [Prednoral],S,,NULL,,541705,Drug,RxNorm,Branded Drug,
19114037,,,prednisolone 10 MG/ML [Pred-Phosphate],S,,NULL,,542619,Drug,RxNorm,Branded Drug Comp,
19114038,,,prednisolone 10 MG/ML Ophthalmic Solution [Pred-Phosphate],S,,NULL,,542621,Drug,RxNorm,Branded Drug,
19115026,,,prednisolone 25 MG/ML [Pricortin],S,,NULL,,547220,Drug,RxNorm,Branded Drug Comp,
19115460,,,prednisolone 16 MG/ML [Codelsol],S,,NULL,,563156,Drug,RxNorm,Branded Drug Comp,
19115461,,,prednisolone 5 MG [Stintisone],S,,NULL,,563157,Drug,RxNorm,Branded Drug Comp,
19115543,,,prednisolone 16 MG/ML [Codelson],S,,NULL,,563254,Drug,RxNorm,Branded Drug Comp,
19115558,,,prednisolone 5 MG/ML [Predsol],S,,NULL,,563270,Drug,RxNorm,Branded Drug Comp,
19115784,,,prednisolone 0.2 MG/ML [Predenema],S,,NULL,,563536,Drug,RxNorm,Branded Drug Comp,
19115785,,,prednisolone 0.2 MG/ML [Predsol],S,,NULL,,563537,Drug,RxNorm,Branded Drug Comp,
19115786,,,prednisolone 5 MG [Predsol],S,,NULL,,563538,Drug,RxNorm,Branded Drug Comp,
19115787,,,prednisolone 20 MG [Predfoam],S,,NULL,,563539,Drug,RxNorm,Branded Drug Comp,
19116163,,,prednisolone 5 MG [Prednesol],S,,NULL,,564053,Drug,RxNorm,Branded Drug Comp,
19116365,,,prednisolone 5 MG/ML [Minims Prednisolone],S,,NULL,,564291,Drug,RxNorm,Branded Drug Comp,
19118280,,,methylprednisolone 24 MG [Medrol],S,,NULL,,567930,Drug,RxNorm,Branded Drug Comp,
19118446,,,neomycin 3.5 MG/ML / polymyxin B 10000 UNT/ML / prednisolone 5 MG/ML [Poly Pred],S,,NULL,,568390,Drug,RxNorm,Branded Drug Comp,
19119988,,,prednisolone 1.25 MG/ML [AK-Pred],S,,NULL,,572088,Drug,RxNorm,Branded Drug Comp,
19119989,,,prednisolone 1.25 MG/ML [Inflamase Mild],S,,NULL,,572089,Drug,RxNorm,Branded Drug Comp,
19119990,,,prednisolone 10 MG/ML [AK-Pred],S,,NULL,,572090,Drug,RxNorm,Branded Drug Comp,
19119991,,,prednisolone 10 MG/ML [Inflamase Forte],S,,NULL,,572091,Drug,RxNorm,Branded Drug Comp,
19119992,,,prednisolone 10 MG/ML [Prednisol],S,,NULL,,572092,Drug,RxNorm,Branded Drug Comp,
19120461,,,prednisolone 20 MG/ML [Hydeltra-T.B.A.],S,,NULL,,573944,Drug,RxNorm,Branded Drug Comp,
19120584,,,prednisolone 25 MG/ML [Predcor],S,,NULL,,574180,Drug,RxNorm,Branded Drug Comp,
19120585,,,prednisolone 50 MG/ML [Predicort-50],S,,NULL,,574190,Drug,RxNorm,Branded Drug Comp,
19120586,,,prednisolone 20 MG/ML [Hydeltrasol],S,,NULL,,574193,Drug,RxNorm,Branded Drug Comp,
19120587,,,prednisolone 20 MG/ML [Key-Pred SP],S,,NULL,,574194,Drug,RxNorm,Branded Drug Comp,
19120588,,,prednisolone 20 MG/ML [Predicort RP],S,,NULL,,574195,Drug,RxNorm,Branded Drug Comp,
19121518,,,prednisolone 2 MG/ML / sulfacetamide 100 MG/ML Ophthalmic Ointment,S,,NULL,,580007,Drug,RxNorm,Clinical Drug,
19121519,,,prednisolone 1.25 MG/ML [Ocu-Pred],S,,NULL,,580010,Drug,RxNorm,Branded Drug Comp,
19121520,,,prednisolone 1.25 MG/ML Ophthalmic Solution [Ocu-Pred],S,,NULL,,580011,Drug,RxNorm,Branded Drug,
19122781,,,prednisolone 1 MG/ML [Bubbli-Pred],S,,NULL,,604202,Drug,RxNorm,Branded Drug Comp,
19122782,,,prednisolone 1 MG/ML Oral Solution [Bubbli-Pred],S,,NULL,,604204,Drug,RxNorm,Branded Drug,
19125148,,,prednisolone 30 MG Disintegrating Oral Tablet [Orapred],S,,NULL,,668660,Drug,RxNorm,Branded Drug,
19126169,,,prednisolone 4 MG/ML Oral Solution,S,,NULL,,702306,Drug,RxNorm,Clinical Drug,
19128780,,,prednisolone 3 MG/ML Oral Solution [Prelone],S,,NULL,,755702,Drug,RxNorm,Branded Drug,
19128781,,,prednisolone 5 MG/ML Oral Solution [Prelone],S,,NULL,,755703,Drug,RxNorm,Branded Drug,
19128896,,,prednisolone acetate 3 MG/ML Oral Solution,S,,NULL,,755936,Drug,RxNorm,Clinical Drug,
35606531,,,methylprednisolone 125 MG,S,,NULL,,1743702,Drug,RxNorm,Clinical Drug Comp,
35606532,,,methylprednisolone Injection,S,,NULL,,1743703,Drug,RxNorm,Clinical Drug Form,
35606533,,,methylprednisolone 125 MG Injection,S,,NULL,,1743704,Drug,RxNorm,Clinical Drug,
35606534,,,methylprednisolone 125 MG [Solu-Medrol],S,,NULL,,1743705,Drug,RxNorm,Branded Drug Comp,
35606535,,,methylprednisolone Injection [Solu-Medrol],S,,NULL,,1743706,Drug,RxNorm,Branded Drug Form,
35606536,,,methylprednisolone 125 MG Injection [Solu-Medrol],S,,NULL,,1743707,Drug,RxNorm,Branded Drug,
35606537,,,methylprednisolone 500 MG,S,,NULL,,1743719,Drug,RxNorm,Clinical Drug Comp,
35606538,,,methylprednisolone 500 MG Injection,S,,NULL,,1743720,Drug,RxNorm,Clinical Drug,
35606539,,,methylprednisolone 500 MG [Solu-Medrol],S,,NULL,,1743721,Drug,RxNorm,Branded Drug Comp,
35606540,,,methylprednisolone 500 MG Injection [Solu-Medrol],S,,NULL,,1743722,Drug,RxNorm,Branded Drug,
35606541,,,methylprednisolone 1000 MG,S,,NULL,,1743725,Drug,RxNorm,Clinical Drug Comp,
35606542,,,methylprednisolone 1000 MG Injection,S,,NULL,,1743726,Drug,RxNorm,Clinical Drug,
35606543,,,methylprednisolone 1000 MG [Solu-Medrol],S,,NULL,,1743727,Drug,RxNorm,Branded Drug Comp,
35606544,,,methylprednisolone 1000 MG Injection [Solu-Medrol],S,,NULL,,1743729,Drug,RxNorm,Branded Drug,
35606545,,,1 ML methylprednisolone acetate 40 MG/ML Injection,S,,NULL,,1743779,Drug,RxNorm,Quant Clinical Drug,
35606546,,,methylprednisolone Injection [Depo-Medrol],S,,NULL,,1743780,Drug,RxNorm,Branded Drug Form,
35606547,,,1 ML methylprednisolone acetate 40 MG/ML Injection [Depo-Medrol],S,,NULL,,1743781,Drug,RxNorm,Quant Branded Drug,
35606548,,,methylprednisolone acetate 40 MG/ML Injection,S,,NULL,,1743782,Drug,RxNorm,Clinical Drug,
35606549,,,methylprednisolone acetate 40 MG/ML Injection [Depo-Medrol],S,,NULL,,1743783,Drug,RxNorm,Branded Drug,
35606554,,,1 ML methylprednisolone acetate 80 MG/ML Injection,S,,NULL,,1743855,Drug,RxNorm,Quant Clinical Drug,
35606555,,,1 ML methylprednisolone acetate 80 MG/ML Injection [Depo-Medrol],S,,NULL,,1743856,Drug,RxNorm,Quant Branded Drug,
35606556,,,methylprednisolone acetate 80 MG/ML Injection,S,,NULL,,1743857,Drug,RxNorm,Clinical Drug,
35606557,,,methylprednisolone acetate 80 MG/ML Injection [Depo-Medrol],S,,NULL,,1743858,Drug,RxNorm,Branded Drug,
35606592,,,methylprednisolone 2000 MG,S,,NULL,,1744013,Drug,RxNorm,Clinical Drug Comp,
35606593,,,methylprednisolone 2000 MG [Solu-Medrol],S,,NULL,,1744015,Drug,RxNorm,Branded Drug Comp,
35606594,,,methylprednisolone 40 MG [Solu-Medrol],S,,NULL,,1744018,Drug,RxNorm,Branded Drug Comp,
35606595,,,methylprednisolone 40 MG [A-MethaPred],S,,NULL,,1744020,Drug,RxNorm,Branded Drug Comp,
35606596,,,methylprednisolone Injection [A-MethaPred],S,,NULL,,1744021,Drug,RxNorm,Branded Drug Form,
35606597,,,methylprednisolone 125 MG [A-MethaPred],S,,NULL,,1744024,Drug,RxNorm,Branded Drug Comp,
40036260,,,dibucaine / prednisolone Rectal Ointment,S,,NULL,,373581,Drug,RxNorm,Clinical Drug Form,
40036261,,,dibucaine / prednisolone Rectal Suppository,S,,NULL,,373582,Drug,RxNorm,Clinical Drug Form,
40037350,,,fluprednisolone Oral Tablet,S,,NULL,,451837,Drug,RxNorm,Clinical Drug Form,
40042041,,,estradiol / prednisolone Topical Cream,S,,NULL,,451127,Drug,RxNorm,Clinical Drug Form,
40044443,,,prednisolone Injectable Suspension [Hydeltra-T.B.A.],S,,NULL,,365598,Drug,RxNorm,Branded Drug Form,
40048619,,,idoxuridine / prednisolone Topical Ointment,S,,NULL,,451124,Drug,RxNorm,Clinical Drug Form,
40056000,,,dexpanthenol / prednisolone / salicylic acid Topical Solution,S,,NULL,,451092,Drug,RxNorm,Clinical Drug Form,
40058502,,,polidocanol / prednisolone / promethazine Topical Ointment,S,,NULL,,440702,Drug,RxNorm,Clinical Drug Form,
40060699,,,methylprednisolone Enema,S,,NULL,,372865,Drug,RxNorm,Clinical Drug Form,
40060701,,,methylprednisolone Injectable Solution,S,,NULL,,376656,Drug,RxNorm,Clinical Drug Form,
40060704,,,methylprednisolone Injectable Solution [Solu-Medrol],S,,NULL,,362772,Drug,RxNorm,Branded Drug Form,
40060705,,,methylprednisolone Injectable Suspension,S,,NULL,,372866,Drug,RxNorm,Clinical Drug Form,
40060710,,,methylprednisolone Injectable Suspension [Depo-Medrol],S,,NULL,,365570,Drug,RxNorm,Branded Drug Form,
40060727,,,methylprednisolone Ophthalmic Solution,S,,NULL,,372867,Drug,RxNorm,Clinical Drug Form,
40060728,,,methylprednisolone Oral Tablet,S,,NULL,,372868,Drug,RxNorm,Clinical Drug Form,
40060730,,,methylprednisolone Oral Tablet [Medrol],S,,NULL,,368772,Drug,RxNorm,Branded Drug Form,
40060734,,,methylprednisolone Topical Cream,S,,NULL,,377758,Drug,RxNorm,Clinical Drug Form,
40060736,,,methylprednisolone Topical Ointment,S,,NULL,,372863,Drug,RxNorm,Clinical Drug Form,
40066473,,,menthol / prednisolone / thymol Rectal Suppository,S,,NULL,,452077,Drug,RxNorm,Clinical Drug Form,
40066583,,,methylprednisolone / neomycin Topical Cream,S,,NULL,,376403,Drug,RxNorm,Clinical Drug Form,
40066585,,,methylprednisolone / neomycin Topical Ointment,S,,NULL,,376326,Drug,RxNorm,Clinical Drug Form,
40067001,,,oxyquinoline / prednisolone Topical Cream,S,,NULL,,451130,Drug,RxNorm,Clinical Drug Form,
40067033,,,oxytetracycline / prednisolone Topical Ointment,S,,NULL,,447124,Drug,RxNorm,Clinical Drug Form,
40069320,,,prednisolone Ophthalmic Solution [Ocu-Pred],S,,NULL,,363816,Drug,RxNorm,Branded Drug Form,
40071896,,,neomycin / polymyxin B / prednisolone Ophthalmic Suspension,S,,NULL,,374690,Drug,RxNorm,Clinical Drug Form,
40071897,,,neomycin / polymyxin B / prednisolone Ophthalmic Suspension [Poly Pred],S,,NULL,,365813,Drug,RxNorm,Branded Drug Form,
40071904,,,neomycin / prednisolone Topical Cream,S,,NULL,,446684,Drug,RxNorm,Clinical Drug Form,
40071905,,,neomycin / prednisolone Topical Ointment,S,,NULL,,376404,Drug,RxNorm,Clinical Drug Form,
40072752,,,niacinamide / prednisolone Injectable Solution,S,,NULL,,373573,Drug,RxNorm,Clinical Drug Form,
40072990,,,phenylephrine / prednisolone / sulfacetamide Ophthalmic Suspension,S,,NULL,,376134,Drug,RxNorm,Clinical Drug Form,
40072991,,,phenylephrine / prednisolone Ophthalmic Suspension,S,,NULL,,373394,Drug,RxNorm,Clinical Drug Form,
40073185,,,prednisolone Disintegrating Oral Tablet,S,,NULL,,379264,Drug,RxNorm,Clinical Drug Form,
40073186,,,prednisolone Enema,S,,NULL,,373569,Drug,RxNorm,Clinical Drug Form,
40073187,,,prednisolone Enema [Predenema],S,,NULL,,363620,Drug,RxNorm,Branded Drug Form,
40073188,,,prednisolone Enema [Predfoam],S,,NULL,,363610,Drug,RxNorm,Branded Drug Form,
40073189,,,prednisolone Enema [Predsol],S,,NULL,,363611,Drug,RxNorm,Branded Drug Form,
40073190,,,prednisolone Delayed Release Oral Tablet,S,,NULL,,373572,Drug,RxNorm,Clinical Drug Form,
40073191,,,prednisolone Injectable Solution,S,,NULL,,373579,Drug,RxNorm,Clinical Drug Form,
40073192,,,prednisolone Injectable Solution [Codelsol],S,,NULL,,363559,Drug,RxNorm,Branded Drug Form,
40073193,,,prednisolone Injectable Solution [Codelson],S,,NULL,,385326,Drug,RxNorm,Branded Drug Form,
40073194,,,prednisolone Injectable Solution [Hydeltrasol],S,,NULL,,92892,Drug,RxNorm,Branded Drug Form,
40073195,,,prednisolone Injectable Solution [Key-Pred SP],S,,NULL,,363278,Drug,RxNorm,Branded Drug Form,
40073196,,,prednisolone Injectable Solution [Predicort RP],S,,NULL,,363277,Drug,RxNorm,Branded Drug Form,
40073197,,,prednisolone Injectable Suspension,S,,NULL,,373568,Drug,RxNorm,Clinical Drug Form,
40073198,,,prednisolone Injectable Suspension [Cotolone],S,,NULL,,365625,Drug,RxNorm,Branded Drug Form,
40073199,,,prednisolone Injectable Suspension [Key-Pred],S,,NULL,,365624,Drug,RxNorm,Branded Drug Form,
40073200,,,prednisolone Injectable Suspension [Medicort],S,,NULL,,365623,Drug,RxNorm,Branded Drug Form,
40073201,,,prednisolone Injectable Suspension [Pred-Ject-50],S,,NULL,,365622,Drug,RxNorm,Branded Drug Form,
40073202,,,prednisolone Injectable Suspension [Predacort 50],S,,NULL,,365621,Drug,RxNorm,Branded Drug Form,
40073203,,,prednisolone Injectable Suspension [Predaject-50],S,,NULL,,365620,Drug,RxNorm,Branded Drug Form,
40073204,,,prednisolone Injectable Suspension [Predalone 50],S,,NULL,,365619,Drug,RxNorm,Branded Drug Form,
40073436,,,prednisolone Injectable Suspension [Predate-50],S,,NULL,,365618,Drug,RxNorm,Branded Drug Form,
40073437,,,prednisolone Injectable Suspension [Predcor],S,,NULL,,365617,Drug,RxNorm,Branded Drug Form,
40073438,,,prednisolone Injectable Suspension [Predicort-50],S,,NULL,,365616,Drug,RxNorm,Branded Drug Form,
40073439,,,prednisolone Injectable Suspension [Pri-Cortin 50],S,,NULL,,365615,Drug,RxNorm,Branded Drug Form,
40073440,,,prednisolone Ophthalmic Ointment,S,,NULL,,373570,Drug,RxNorm,Clinical Drug Form,
40073441,,,prednisolone Ophthalmic Solution,S,,NULL,,373576,Drug,RxNorm,Clinical Drug Form,
40073442,,,prednisolone Ophthalmic Solution [AK-Pred],S,,NULL,,363768,Drug,RxNorm,Branded Drug Form,
40073443,,,prednisolone Ophthalmic Solution [Inflamase Forte],S,,NULL,,363767,Drug,RxNorm,Branded Drug Form,
40073444,,,prednisolone Ophthalmic Solution [Inflamase Mild],S,,NULL,,363691,Drug,RxNorm,Branded Drug Form,
40073445,,,prednisolone Ophthalmic Solution [Minims Prednisolone],S,,NULL,,363903,Drug,RxNorm,Branded Drug Form,
40073446,,,prednisolone Ophthalmic Solution [Ocu-Pred Forte],S,,NULL,,363815,Drug,RxNorm,Branded Drug Form,
40073447,,,prednisolone Ophthalmic Solution [Prednisol],S,,NULL,,363766,Drug,RxNorm,Branded Drug Form,
40073448,,,prednisolone Ophthalmic Solution [Predsol],S,,NULL,,363667,Drug,RxNorm,Branded Drug Form,
40073449,,,prednisolone Ophthalmic Suspension,S,,NULL,,373571,Drug,RxNorm,Clinical Drug Form,
40073450,,,prednisolone Ophthalmic Suspension [Econopred Plus],S,,NULL,,365831,Drug,RxNorm,Branded Drug Form,
40073451,,,prednisolone Ophthalmic Suspension [Econopred],S,,NULL,,365821,Drug,RxNorm,Branded Drug Form,
40073452,,,prednisolone Ophthalmic Suspension [Ocu-Pred-A],S,,NULL,,365809,Drug,RxNorm,Branded Drug Form,
40073453,,,prednisolone Ophthalmic Suspension [Pred Forte],S,,NULL,,365822,Drug,RxNorm,Branded Drug Form,
40073454,,,prednisolone Oral Solution,S,,NULL,,373575,Drug,RxNorm,Clinical Drug Form,
40073455,,,prednisolone Oral Solution [Orapred],S,,NULL,,364478,Drug,RxNorm,Branded Drug Form,
40073456,,,prednisolone Oral Solution [Pediapred],S,,NULL,,93720,Drug,RxNorm,Branded Drug Form,
40073457,,,prednisolone Oral Solution [Prelone],S,,NULL,,364214,Drug,RxNorm,Branded Drug Form,
40073458,,,prednisolone Oral Tablet,S,,NULL,,373578,Drug,RxNorm,Clinical Drug Form,
40073459,,,prednisolone Oral Tablet [Cotolone],S,,NULL,,369438,Drug,RxNorm,Branded Drug Form,
19059753,,,prednisolone 25 MG/ML [Cotolone],S,,NULL,,574626,Drug,RxNorm,Branded Drug Comp,
19059754,,,prednisolone 50 MG/ML [Cotolone],S,,NULL,,574627,Drug,RxNorm,Branded Drug Comp,
19059755,,,prednisolone 5 MG [Cotolone],S,,NULL,,575438,Drug,RxNorm,Branded Drug Comp,
19060038,,,methylprednisolone 1 MG/ML Ophthalmic Solution,S,,NULL,,246024,Drug,RxNorm,Clinical Drug,
19061119,,,prednisolone 40 MG/ML [Depo-Predate],S,,NULL,,574181,Drug,RxNorm,Branded Drug Comp,
19061120,,,prednisolone 80 MG/ML [Depo-Predate],S,,NULL,,574192,Drug,RxNorm,Branded Drug Comp,
19061458,,,chloramphenicol 2 MG/ML / prednisolone 5 MG/ML Otic Solution,S,,NULL,,248804,Drug,RxNorm,Clinical Drug,
19061583,,,prednisolone 5 MG/ML Oral Solution,S,,NULL,,249066,Drug,RxNorm,Clinical Drug,
19062573,,,dibucaine 1 MG / prednisolone 1.3 MG Rectal Suppository,S,,NULL,,250343,Drug,RxNorm,Clinical Drug,
19063849,,,prednisolone 0.2 MG/ML Enema,S,,NULL,,250862,Drug,RxNorm,Clinical Drug,
19063881,,,prednisolone 5 MG Rectal Suppository,S,,NULL,,250864,Drug,RxNorm,Clinical Drug,
19063883,,,prednisolone 20 MG/ACTUAT Rectal Foam,S,,NULL,,250869,Drug,RxNorm,Clinical Drug,
19065983,,,prednisolone 2 MG/ML Ophthalmic Suspension,S,,NULL,,259052,Drug,RxNorm,Clinical Drug,
19067188,,,prednisolone 25 MG/ML Injectable Suspension,S,,NULL,,260125,Drug,RxNorm,Clinical Drug,
19067189,,,prednisolone 40 MG/ML Injectable Solution,S,,NULL,,260126,Drug,RxNorm,Clinical Drug,
19067190,,,prednisolone 50 MG/ML Injectable Suspension,S,,NULL,,260127,Drug,RxNorm,Clinical Drug,
19067364,,,gentamicin 0.003 MG/MG / prednisolone acetate 0.006 MG/MG Ophthalmic Ointment [Pred-G],S,,NULL,,260285,Drug,RxNorm,Branded Drug,
19067555,,,methylprednisolone 4 MG Oral Tablet [Medrol],S,,NULL,,260330,Drug,RxNorm,Branded Drug,
19067727,,,prednisolone 25 MG/ML Injectable Suspension [Key-Pred],S,,NULL,,260391,Drug,RxNorm,Branded Drug,
19067728,,,prednisolone 25 MG/ML Injectable Suspension [Predcor],S,,NULL,,260392,Drug,RxNorm,Branded Drug,
19067729,,,prednisolone 40 MG/ML Injectable Suspension [Depo-Predate],S,,NULL,,260393,Drug,RxNorm,Branded Drug,
19067730,,,prednisolone 50 MG/ML Injectable Suspension [Key-Pred],S,,NULL,,260394,Drug,RxNorm,Branded Drug,
19067751,,,prednisolone 50 MG/ML Injectable Suspension [Medicort],S,,NULL,,260395,Drug,RxNorm,Branded Drug,
19067752,,,prednisolone 50 MG/ML Injectable Suspension [Pred-Ject-50],S,,NULL,,260396,Drug,RxNorm,Branded Drug,
19067753,,,prednisolone 50 MG/ML Injectable Suspension [Predacort 50],S,,NULL,,260397,Drug,RxNorm,Branded Drug,
19067754,,,prednisolone 50 MG/ML Injectable Suspension [Predaject-50],S,,NULL,,260398,Drug,RxNorm,Branded Drug,
19067755,,,prednisolone 50 MG/ML Injectable Suspension [Predalone 50],S,,NULL,,260399,Drug,RxNorm,Branded Drug,
19067756,,,prednisolone 50 MG/ML Injectable Suspension [Predate-50],S,,NULL,,260400,Drug,RxNorm,Branded Drug,
19067757,,,prednisolone 50 MG/ML Injectable Suspension [Predcor],S,,NULL,,260401,Drug,RxNorm,Branded Drug,
19067758,,,prednisolone 50 MG/ML Injectable Suspension [Predicort-50],S,,NULL,,260402,Drug,RxNorm,Branded Drug,
19067759,,,prednisolone 50 MG/ML Injectable Suspension [Pri-Cortin 50],S,,NULL,,260403,Drug,RxNorm,Branded Drug,
19067760,,,prednisolone 80 MG/ML Injectable Suspension [Depo-Predate],S,,NULL,,260404,Drug,RxNorm,Branded Drug,
19067791,,,prednisolone 20 MG/ML Injectable Solution [Hydeltrasol],S,,NULL,,260405,Drug,RxNorm,Branded Drug,
19067792,,,prednisolone 20 MG/ML Injectable Solution [Key-Pred SP],S,,NULL,,260406,Drug,RxNorm,Branded Drug,
19067793,,,prednisolone 20 MG/ML Injectable Solution [Predicort RP],S,,NULL,,260407,Drug,RxNorm,Branded Drug,
19067794,,,prednisolone acetate 20 MG/ML Injectable Solution,S,,NULL,,260408,Drug,RxNorm,Clinical Drug,
19067795,,,prednisolone 1 MG/ML Oral Solution [Pediapred],S,,NULL,,260409,Drug,RxNorm,Branded Drug,
19129398,,,{21 (methylprednisolone 4 MG Oral Tablet) } Pack,S,,NULL,,762675,Drug,RxNorm,Clinical Pack,
19129883,,,prednisolone 3 MG/ML Oral Suspension,S,,NULL,,793099,Drug,RxNorm,Clinical Drug,
19130000,,,prednisolone 2 MG/ML [MILLIPRED],S,,NULL,,795095,Drug,RxNorm,Branded Drug Comp,
19130001,,,prednisolone 2 MG/ML Oral Solution [MILLIPRED],S,,NULL,,795097,Drug,RxNorm,Branded Drug,
19131602,,,prednisolone 3 MG/ML [Flo-Pred],S,,NULL,,803306,Drug,RxNorm,Branded Drug Comp,
19131603,,,prednisolone 3 MG/ML Oral Suspension [Flo-Pred],S,,NULL,,803308,Drug,RxNorm,Branded Drug,
19131604,,,prednisolone 1 MG/ML [Flo-Pred],S,,NULL,,803309,Drug,RxNorm,Branded Drug Comp,
19131605,,,prednisolone 1 MG/ML Oral Suspension [Flo-Pred],S,,NULL,,803310,Drug,RxNorm,Branded Drug,
19131653,,,{14 (methylprednisolone 16 MG Oral Tablet) } Pack,S,,NULL,,804173,Drug,RxNorm,Clinical Pack,
19132463,,,prednisolone 5 MG [MILLIPRED],S,,NULL,,808116,Drug,RxNorm,Branded Drug Comp,
19132464,,,prednisolone 5 MG Oral Tablet [MILLIPRED],S,,NULL,,808118,Drug,RxNorm,Branded Drug,
19133854,,,{21 (methylprednisolone 4 MG Oral Tablet [Medrol]) } Pack [Medrol Dosepak],S,,NULL,,834023,Drug,RxNorm,Branded Pack,
40011287,,,atropine / prednisolone Ophthalmic Suspension,S,,NULL,,370965,Drug,RxNorm,Clinical Drug Form,
40012593,,,aspirin / methylprednisolone Oral Tablet,S,,NULL,,372870,Drug,RxNorm,Clinical Drug Form,
40013687,,,bismuth chloride oxide / prednisolone / zinc oxide Rectal Suppository,S,,NULL,,451088,Drug,RxNorm,Clinical Drug Form,
40022940,,,chloramphenicol / prednisolone Ophthalmic Solution,S,,NULL,,371385,Drug,RxNorm,Clinical Drug Form,
40022941,,,chloramphenicol / prednisolone Ophthalmic Suspension,S,,NULL,,371386,Drug,RxNorm,Clinical Drug Form,
40022942,,,chloramphenicol / prednisolone Otic Solution,S,,NULL,,371387,Drug,RxNorm,Clinical Drug Form,
40022943,,,chloramphenicol / prednisolone Topical Ointment,S,,NULL,,438433,Drug,RxNorm,Clinical Drug Form,
40025524,,,prednisolone Injectable Suspension [Depo-Predate],S,,NULL,,365614,Drug,RxNorm,Branded Drug Form,
40025542,,,dequalinium / polidocanol / prednisolone Topical Gel,S,,NULL,,440699,Drug,RxNorm,Clinical Drug Form,
40026557,,,clotrimazole / hexamidine / prednisolone Topical Cream,S,,NULL,,438796,Drug,RxNorm,Clinical Drug Form,
40163622,,,prednisolone / sulfacetamide Ophthalmic Ointment [Blephamide],S,,NULL,,856820,Drug,RxNorm,Branded Drug Form,
40170022,,,miconazole / polymyxin B / prednisolone Otic Suspension,S,,NULL,,891148,Drug,RxNorm,Clinical Drug Form,
40170023,,,miconazole / polymyxin B / prednisolone Otic Suspension [Surolan],S,,NULL,,891152,Drug,RxNorm,Branded Drug Form,
40170091,,,miconazole nitrate 23 MG/ML / polymyxin B sulfate 0.5293 MG/ML / prednisolone acetate 5 MG/ML Otic Suspension,S,,NULL,,891149,Drug,RxNorm,Clinical Drug,
40170092,,,miconazole nitrate 23 MG/ML / polymyxin B sulfate 0.5293 MG/ML / prednisolone acetate 5 MG/ML Otic Suspension [Surolan],S,,NULL,,891153,Drug,RxNorm,Branded Drug,
40170093,,,miconazole nitrate 23 MG/ML / polymyxin B sulfate 0.5293 MG/ML / prednisolone acetate 5 MG/ML [Surolan],S,,NULL,,891151,Drug,RxNorm,Branded Drug Comp,
40171266,,,prednisolone / trimeprazine Oral Tablet,S,,NULL,,897058,Drug,RxNorm,Clinical Drug Form,
40171267,,,prednisolone / trimeprazine Oral Tablet [Temaril-P],S,,NULL,,897062,Drug,RxNorm,Branded Drug Form,
40171268,,,prednisolone 2 MG / trimeprazine tartrate 5 MG Oral Tablet,S,,NULL,,897059,Drug,RxNorm,Clinical Drug,
40171269,,,prednisolone 2 MG / trimeprazine tartrate 5 MG Oral Tablet [Temaril-P],S,,NULL,,897063,Drug,RxNorm,Branded Drug,
40171270,,,prednisolone 2 MG / trimeprazine tartrate 5 MG [Temaril-P],S,,NULL,,897061,Drug,RxNorm,Branded Drug Comp,
40171296,,,prednisolone acetate 5 MG/ML,S,,NULL,,891147,Drug,RxNorm,Clinical Drug Comp,
40225702,,,{48 (prednisolone 5 MG Oral Tablet [MILLIPRED]) } Pack [Millipred DP 12 Day],S,,NULL,,1005831,Drug,RxNorm,Branded Pack,
40225703,,,{48 (prednisolone 5 MG Oral Tablet) } Pack,S,,NULL,,1005830,Drug,RxNorm,Clinical Pack,
40226246,,,prednisolone sodium phosphate 2.5 MG/ML,S,,NULL,,1012020,Drug,RxNorm,Clinical Drug Comp,
40226247,,,prednisolone sodium phosphate 2.5 MG/ML / sulfacetamide sodium 100 MG/ML Ophthalmic Solution,S,,NULL,,1012021,Drug,RxNorm,Clinical Drug,
40226248,,,prednisolone sodium phosphate 2.5 MG/ML / sulfacetamide sodium 100 MG/ML Ophthalmic Solution [Sulster],S,,NULL,,1012023,Drug,RxNorm,Branded Drug,
40226249,,,prednisolone sodium phosphate 2.5 MG/ML / sulfacetamide sodium 100 MG/ML Ophthalmic Solution [Vasocidin],S,,NULL,,1012025,Drug,RxNorm,Branded Drug,
40226250,,,prednisolone sodium phosphate 2.5 MG/ML / sulfacetamide sodium 100 MG/ML Ophthalmic Suspension,S,,NULL,,1012084,Drug,RxNorm,Clinical Drug,
40226251,,,prednisolone sodium phosphate 2.5 MG/ML / sulfacetamide sodium 100 MG/ML Ophthalmic Suspension [Cetapred],S,,NULL,,1012087,Drug,RxNorm,Branded Drug,
40226252,,,prednisolone sodium phosphate 2.5 MG/ML / sulfacetamide sodium 100 MG/ML Ophthalmic Suspension [Sulster],S,,NULL,,1012098,Drug,RxNorm,Branded Drug,
40226253,,,prednisolone sodium phosphate 2.5 MG/ML / sulfacetamide sodium 100 MG/ML Ophthalmic Suspension [Supred],S,,NULL,,1012118,Drug,RxNorm,Branded Drug,
40226254,,,prednisolone sodium phosphate 2.5 MG/ML / sulfacetamide sodium 100 MG/ML [Cetapred],S,,NULL,,1012085,Drug,RxNorm,Branded Drug Comp,
40226255,,,prednisolone sodium phosphate 2.5 MG/ML / sulfacetamide sodium 100 MG/ML [Sulster],S,,NULL,,1012022,Drug,RxNorm,Branded Drug Comp,
40226256,,,prednisolone sodium phosphate 2.5 MG/ML / sulfacetamide sodium 100 MG/ML [Supred],S,,NULL,,1012117,Drug,RxNorm,Branded Drug Comp,
40226257,,,prednisolone sodium phosphate 2.5 MG/ML / sulfacetamide sodium 100 MG/ML [Vasocidin],S,,NULL,,1012024,Drug,RxNorm,Branded Drug Comp,
40226258,,,prednisolone sodium phosphate 5 MG/ML,S,,NULL,,1012149,Drug,RxNorm,Clinical Drug Comp,
40226259,,,prednisolone sodium phosphate 5 MG/ML / sulfacetamide sodium 100 MG/ML Ophthalmic Solution,S,,NULL,,1012150,Drug,RxNorm,Clinical Drug,
40226260,,,prednisolone sodium phosphate 5 MG/ML / sulfacetamide sodium 100 MG/ML Ophthalmic Solution [Optimyd],S,,NULL,,1012152,Drug,RxNorm,Branded Drug,
40226261,,,prednisolone sodium phosphate 5 MG/ML / sulfacetamide sodium 100 MG/ML Ophthalmic Suspension,S,,NULL,,1012175,Drug,RxNorm,Clinical Drug,
40226262,,,prednisolone sodium phosphate 5 MG/ML / sulfacetamide sodium 100 MG/ML Ophthalmic Suspension [AK-Cide],S,,NULL,,1012177,Drug,RxNorm,Branded Drug,
40226263,,,prednisolone sodium phosphate 5 MG/ML / sulfacetamide sodium 100 MG/ML Ophthalmic Suspension [Metimyd],S,,NULL,,1012188,Drug,RxNorm,Branded Drug,
40226264,,,prednisolone sodium phosphate 5 MG/ML / sulfacetamide sodium 100 MG/ML Ophthalmic Suspension [Vasocidin],S,,NULL,,1012214,Drug,RxNorm,Branded Drug,
40226265,,,prednisolone sodium phosphate 5 MG/ML / sulfacetamide sodium 100 MG/ML [AK-Cide],S,,NULL,,1012176,Drug,RxNorm,Branded Drug Comp,
40226266,,,prednisolone sodium phosphate 5 MG/ML / sulfacetamide sodium 100 MG/ML [Metimyd],S,,NULL,,1012187,Drug,RxNorm,Branded Drug Comp,
40226267,,,prednisolone sodium phosphate 5 MG/ML / sulfacetamide sodium 100 MG/ML [Optimyd],S,,NULL,,1012151,Drug,RxNorm,Branded Drug Comp,
40226268,,,prednisolone sodium phosphate 5 MG/ML / sulfacetamide sodium 100 MG/ML [Vasocidin],S,,NULL,,1012213,Drug,RxNorm,Branded Drug Comp,
40226702,,,prednisolone / sulfacetamide Ophthalmic Suspension [Cetapred],S,,NULL,,1012086,Drug,RxNorm,Branded Drug Form,
40226713,,,prednisolone 3 MG/ML Oral Solution [AsmalPred Plus],S,,NULL,,1012208,Drug,RxNorm,Branded Drug,
40226714,,,prednisolone 3 MG/ML [AsmalPred Plus],S,,NULL,,1012206,Drug,RxNorm,Branded Drug Comp,
40227406,,,prednisolone Oral Solution [AsmalPred Plus],S,,NULL,,1012207,Drug,RxNorm,Branded Drug Form,
40227407,,,prednisolone acetate 0.002 MG/MG,S,,NULL,,1011984,Drug,RxNorm,Clinical Drug Comp,
40227408,,,prednisolone acetate 0.002 MG/MG / sulfacetamide sodium 0.1 MG/MG Ophthalmic Ointment,S,,NULL,,1011985,Drug,RxNorm,Clinical Drug,
40227409,,,prednisolone acetate 0.002 MG/MG / sulfacetamide sodium 0.1 MG/MG Ophthalmic Ointment [Blephamide],S,,NULL,,1011987,Drug,RxNorm,Branded Drug,
40227410,,,prednisolone acetate 0.002 MG/MG / sulfacetamide sodium 0.1 MG/MG [Blephamide],S,,NULL,,1011986,Drug,RxNorm,Branded Drug Comp,
40227411,,,prednisolone acetate 0.0025 MG/MG,S,,NULL,,1011978,Drug,RxNorm,Clinical Drug Comp,
40227412,,,prednisolone acetate 0.0025 MG/MG / sulfacetamide sodium 0.1 MG/MG Ophthalmic Ointment,S,,NULL,,1011979,Drug,RxNorm,Clinical Drug,
40227413,,,prednisolone acetate 0.0025 MG/MG / sulfacetamide sodium 0.1 MG/MG Ophthalmic Ointment [Cetapred],S,,NULL,,1011981,Drug,RxNorm,Branded Drug,
40227414,,,prednisolone acetate 0.0025 MG/MG / sulfacetamide sodium 0.1 MG/MG [Cetapred],S,,NULL,,1011980,Drug,RxNorm,Branded Drug Comp,
40227415,,,prednisolone acetate 0.005 MG/MG,S,,NULL,,1011999,Drug,RxNorm,Clinical Drug Comp,
40227416,,,prednisolone acetate 0.005 MG/MG / sulfacetamide sodium 0.1 MG/MG Ophthalmic Ointment,S,,NULL,,1012000,Drug,RxNorm,Clinical Drug,
40227417,,,prednisolone acetate 0.005 MG/MG / sulfacetamide sodium 0.1 MG/MG Ophthalmic Ointment [AK-Cide],S,,NULL,,1012002,Drug,RxNorm,Branded Drug,
40227418,,,prednisolone acetate 0.005 MG/MG / sulfacetamide sodium 0.1 MG/MG Ophthalmic Ointment [Medasulf],S,,NULL,,1012908,Drug,RxNorm,Branded Drug,
40227419,,,prednisolone acetate 0.005 MG/MG / sulfacetamide sodium 0.1 MG/MG Ophthalmic Ointment [Metimyd],S,,NULL,,1012004,Drug,RxNorm,Branded Drug,
40227420,,,prednisolone acetate 0.005 MG/MG / sulfacetamide sodium 0.1 MG/MG Ophthalmic Ointment [Predsulfair],S,,NULL,,1012006,Drug,RxNorm,Branded Drug,
40227421,,,prednisolone acetate 0.005 MG/MG / sulfacetamide sodium 0.1 MG/MG Ophthalmic Ointment [Vasocidin],S,,NULL,,1012008,Drug,RxNorm,Branded Drug,
40227422,,,prednisolone acetate 0.005 MG/MG / sulfacetamide sodium 0.1 MG/MG [AK-Cide],S,,NULL,,1012001,Drug,RxNorm,Branded Drug Comp,
40227423,,,prednisolone acetate 0.005 MG/MG / sulfacetamide sodium 0.1 MG/MG [Medasulf],S,,NULL,,1012907,Drug,RxNorm,Branded Drug Comp,
40227424,,,prednisolone acetate 0.005 MG/MG / sulfacetamide sodium 0.1 MG/MG [Metimyd],S,,NULL,,1012003,Drug,RxNorm,Branded Drug Comp,
40227425,,,prednisolone acetate 0.005 MG/MG / sulfacetamide sodium 0.1 MG/MG [Predsulfair],S,,NULL,,1012005,Drug,RxNorm,Branded Drug Comp,
40227426,,,prednisolone acetate 0.005 MG/MG / sulfacetamide sodium 0.1 MG/MG [Vasocidin],S,,NULL,,1012007,Drug,RxNorm,Branded Drug Comp,
40227427,,,prednisolone acetate 2 MG/ML,S,,NULL,,1012014,Drug,RxNorm,Clinical Drug Comp,
40227428,,,prednisolone acetate 2 MG/ML / sulfacetamide sodium 100 MG/ML Ophthalmic Suspension,S,,NULL,,1012015,Drug,RxNorm,Clinical Drug,
40227429,,,prednisolone acetate 2 MG/ML / sulfacetamide sodium 100 MG/ML Ophthalmic Suspension [Blephamide],S,,NULL,,1012017,Drug,RxNorm,Branded Drug,
40227430,,,prednisolone acetate 2 MG/ML / sulfacetamide sodium 100 MG/ML [Blephamide],S,,NULL,,1012016,Drug,RxNorm,Branded Drug Comp,
40227431,,,prednisolone acetate 2.5 MG/ML,S,,NULL,,1012079,Drug,RxNorm,Clinical Drug Comp,
40227432,,,prednisolone acetate 2.5 MG/ML / sulfacetamide sodium 100 MG/ML Ophthalmic Suspension,S,,NULL,,1012080,Drug,RxNorm,Clinical Drug,
40227433,,,prednisolone acetate 5 MG/ML / sulfacetamide sodium 100 MG/ML Ophthalmic Suspension,S,,NULL,,1012224,Drug,RxNorm,Clinical Drug,
40227495,,,{21 (prednisolone 5 MG Oral Tablet) } Pack,S,,NULL,,1013114,Drug,RxNorm,Clinical Pack,
40239145,,,methylprednisolone acetate 0.01 MG/MG,S,,NULL,,1100385,Drug,RxNorm,Clinical Drug Comp,
40239146,,,methylprednisolone acetate 0.01 MG/MG Topical Gel,S,,NULL,,1100387,Drug,RxNorm,Clinical Drug,
40239147,,,methylprednisolone acetate 0.01 MG/MG Topical Gel [HybriSil],S,,NULL,,1100391,Drug,RxNorm,Branded Drug,
40239148,,,methylprednisolone acetate 0.01 MG/MG [HybriSil],S,,NULL,,1100389,Drug,RxNorm,Branded Drug Comp,
40239242,,,methylprednisolone Topical Gel,S,,NULL,,1100386,Drug,RxNorm,Clinical Drug Form,
40239243,,,methylprednisolone Topical Gel [HybriSil],S,,NULL,,1100390,Drug,RxNorm,Branded Drug Form,
40243446,,,atropine sulfate 10 MG/ML / prednisolone acetate 2.5 MG/ML Ophthalmic Suspension,S,,NULL,,1190936,Drug,RxNorm,Clinical Drug,
40244439,,,prednisolone 20 MG Oral Tablet [Prednistab],S,,NULL,,1191683,Drug,RxNorm,Branded Drug,
40244440,,,prednisolone 20 MG [Prednistab],S,,NULL,,1191679,Drug,RxNorm,Branded Drug Comp,
40244441,,,prednisolone 5 MG Oral Tablet [Prednistab],S,,NULL,,1191686,Drug,RxNorm,Branded Drug,
40244442,,,prednisolone 5 MG [Prednistab],S,,NULL,,1191685,Drug,RxNorm,Branded Drug Comp,
40244451,,,prednisolone Oral Tablet [Prednistab],S,,NULL,,1191680,Drug,RxNorm,Branded Drug Form,
42901433,,,methylprednisolone acetate 40 MG/ML,S,,NULL,,1358496,Drug,RxNorm,Clinical Drug Comp,
42901434,,,lidocaine / methylprednisolone Injectable Suspension,S,,NULL,,1358497,Drug,RxNorm,Clinical Drug Form,
42901435,,,methylprednisolone acetate 0.0025 MG/MG,S,,NULL,,1358499,Drug,RxNorm,Clinical Drug Comp,
42901437,,,methylprednisolone acetate 0.0025 MG/MG / neomycin 0.0035 MG/MG [Neo-Medrol],S,,NULL,,1358502,Drug,RxNorm,Branded Drug Comp,
42901438,,,methylprednisolone / neomycin Topical Ointment [Neo-Medrol],S,,NULL,,1358503,Drug,RxNorm,Branded Drug Form,
42901439,,,methylprednisolone acetate 20 MG/ML,S,,NULL,,1358509,Drug,RxNorm,Clinical Drug Comp,
42901440,,,methylprednisolone acetate 20 MG/ML [Depo-Medrol],S,,NULL,,1358511,Drug,RxNorm,Branded Drug Comp,
42901442,,,methylprednisolone acetate 40 MG/ML [Depo-Medrol],S,,NULL,,1358611,Drug,RxNorm,Branded Drug Comp,
42901444,,,methylprednisolone acetate 80 MG/ML,S,,NULL,,1358616,Drug,RxNorm,Clinical Drug Comp,
42901445,,,methylprednisolone acetate 80 MG/ML [Depo-Medrol],S,,NULL,,1358618,Drug,RxNorm,Branded Drug Comp,
42901473,,,methylprednisolone acetate 0.005 MG/MG,S,,NULL,,1358743,Drug,RxNorm,Clinical Drug Comp,
42901474,,,methylprednisolone acetate 10 MG/ML,S,,NULL,,1358745,Drug,RxNorm,Clinical Drug Comp,
42901475,,,methylprednisolone acetate 16 MG/ML,S,,NULL,,1358747,Drug,RxNorm,Clinical Drug Comp,
42901476,,,methylprednisolone acetate 2.5 MG/ML,S,,NULL,,1358749,Drug,RxNorm,Clinical Drug Comp,
42901480,,,methylprednisolone acetate 40 MG,S,,NULL,,1358760,Drug,RxNorm,Clinical Drug Comp,
42901997,,,methylprednisolone 2000 MG Injection,S,,NULL,,1357886,Drug,RxNorm,Clinical Drug,
42901998,,,methylprednisolone 2000 MG Injection [Solu-Medrol],S,,NULL,,1357888,Drug,RxNorm,Branded Drug,
42902102,,,lidocaine hydrochloride 10 MG/ML / methylprednisolone acetate 40 MG/ML Injectable Suspension,S,,NULL,,1358498,Drug,RxNorm,Clinical Drug,
42902103,,,methylprednisolone acetate 0.0025 MG/MG / neomycin 0.0035 MG/MG Topical Ointment,S,,NULL,,1358500,Drug,RxNorm,Clinical Drug,
42902104,,,methylprednisolone acetate 0.0025 MG/MG / neomycin 0.0035 MG/MG Topical Ointment [Neo-Medrol],S,,NULL,,1358505,Drug,RxNorm,Branded Drug,
42902105,,,methylprednisolone acetate 0.0025 MG/MG Topical Ointment,S,,NULL,,1358506,Drug,RxNorm,Clinical Drug,
42902106,,,methylprednisolone acetate 0.01 MG/MG Topical Ointment,S,,NULL,,1358508,Drug,RxNorm,Clinical Drug,
42902107,,,methylprednisolone acetate 20 MG/ML Injectable Suspension,S,,NULL,,1358510,Drug,RxNorm,Clinical Drug,
42902108,,,methylprednisolone acetate 20 MG/ML Injectable Suspension [Depo-Medrol],S,,NULL,,1358512,Drug,RxNorm,Branded Drug,
42902110,,,methylprednisolone acetate 40 MG/ML Injectable Suspension,S,,NULL,,1358610,Drug,RxNorm,Clinical Drug,
42902111,,,methylprednisolone acetate 40 MG/ML Injectable Suspension [Depo-Medrol],S,,NULL,,1358612,Drug,RxNorm,Branded Drug,
42902114,,,methylprednisolone acetate 80 MG/ML Injectable Suspension,S,,NULL,,1358617,Drug,RxNorm,Clinical Drug,
42902115,,,methylprednisolone acetate 80 MG/ML Injectable Suspension [Depo-Medrol],S,,NULL,,1358619,Drug,RxNorm,Branded Drug,
42902152,,,methylprednisolone acetate 0.0025 MG/MG / neomycin 0.007 MG/MG Topical Ointment,S,,NULL,,1358737,Drug,RxNorm,Clinical Drug,
40073460,,,prednisolone Oral Tablet [Prednesol],S,,NULL,,385141,Drug,RxNorm,Branded Drug Form,
40073461,,,prednisolone Oral Tablet [Stintisone],S,,NULL,,369537,Drug,RxNorm,Branded Drug Form,
40073462,,,prednisolone Otic Solution,S,,NULL,,377392,Drug,RxNorm,Clinical Drug Form,
40073463,,,prednisolone Otic Solution [Predsol],S,,NULL,,365356,Drug,RxNorm,Branded Drug Form,
40073464,,,prednisolone Paste,S,,NULL,,451160,Drug,RxNorm,Clinical Drug Form,
40073465,,,prednisolone Rectal Foam,S,,NULL,,373574,Drug,RxNorm,Clinical Drug Form,
40073466,,,prednisolone Rectal Foam [Predfoam],S,,NULL,,385800,Drug,RxNorm,Branded Drug Form,
40073467,,,prednisolone Rectal Suppository,S,,NULL,,373577,Drug,RxNorm,Clinical Drug Form,
40073468,,,prednisolone Rectal Suppository [Predsol],S,,NULL,,367523,Drug,RxNorm,Branded Drug Form,
40073471,,,prednisolone Topical Cream,S,,NULL,,451096,Drug,RxNorm,Clinical Drug Form,
40073472,,,prednisolone Topical Gel,S,,NULL,,451162,Drug,RxNorm,Clinical Drug Form,
40073473,,,prednisolone Topical Ointment,S,,NULL,,451094,Drug,RxNorm,Clinical Drug Form,
40073474,,,prednisolone Topical Spray,S,,NULL,,451108,Drug,RxNorm,Clinical Drug Form,
40078740,,,prednisolone Ophthalmic Suspension [Pred Mild],S,,NULL,,365832,Drug,RxNorm,Branded Drug Form,
40078765,,,prednisolone / propylene glycol salicylate Topical Cream,S,,NULL,,451099,Drug,RxNorm,Clinical Drug Form,
40078766,,,prednisolone / rifamycins Topical Ointment,S,,NULL,,451305,Drug,RxNorm,Clinical Drug Form,
40078767,,,prednisolone / salicylic acid Topical Solution,S,,NULL,,451137,Drug,RxNorm,Clinical Drug Form,
40078768,,,prednisolone / sulfacetamide Ophthalmic Ointment,S,,NULL,,373972,Drug,RxNorm,Clinical Drug Form,
40078769,,,prednisolone / sulfacetamide Ophthalmic Ointment [AK-Cide],S,,NULL,,367224,Drug,RxNorm,Branded Drug Form,
40078772,,,prednisolone / sulfacetamide Ophthalmic Ointment [Cetapred],S,,NULL,,367242,Drug,RxNorm,Branded Drug Form,
40078773,,,prednisolone / sulfacetamide Ophthalmic Ointment [Vasocidin],S,,NULL,,367257,Drug,RxNorm,Branded Drug Form,
40078774,,,prednisolone / sulfacetamide Ophthalmic Solution,S,,NULL,,373973,Drug,RxNorm,Clinical Drug Form,
40078775,,,prednisolone / sulfacetamide Ophthalmic Suspension,S,,NULL,,373974,Drug,RxNorm,Clinical Drug Form,
40078776,,,prednisolone / sulfacetamide Ophthalmic Suspension [AK-Cide],S,,NULL,,365840,Drug,RxNorm,Branded Drug Form,
40078777,,,prednisolone / sulfacetamide Ophthalmic Suspension [Blephamide],S,,NULL,,365841,Drug,RxNorm,Branded Drug Form,
40078779,,,prednisolone / sulfacetamide Ophthalmic Suspension [Sulster],S,,NULL,,365836,Drug,RxNorm,Branded Drug Form,
40078780,,,prednisolone / sulfacetamide Ophthalmic Suspension [Supred],S,,NULL,,365835,Drug,RxNorm,Branded Drug Form,
40078782,,,prednisolone / zinc oxide Topical Ointment,S,,NULL,,451107,Drug,RxNorm,Clinical Drug Form,
40097295,,,bisdequalinium / prednisolone Topical Cream,S,,NULL,,451115,Drug,RxNorm,Clinical Drug Form,
40112721,,,prednisolone Injectable Suspension [Pricortin],S,,NULL,,547221,Drug,RxNorm,Branded Drug Form,
40112722,,,prednisolone Ophthalmic Solution [Isolone Forte],S,,NULL,,542616,Drug,RxNorm,Branded Drug Form,
40112723,,,prednisolone Ophthalmic Solution [Pred-Phosphate],S,,NULL,,542620,Drug,RxNorm,Branded Drug Form,
40112724,,,prednisolone Oral Tablet [Prednoral],S,,NULL,,541704,Drug,RxNorm,Branded Drug Form,
40113284,,,prednisolone / sulfacetamide Ophthalmic Ointment [Predsulfair],S,,NULL,,545252,Drug,RxNorm,Branded Drug Form,
40113285,,,prednisolone / sulfacetamide Ophthalmic Solution [Sulster],S,,NULL,,542634,Drug,RxNorm,Branded Drug Form,
40130114,,,prednisolone Oral Solution [Bubbli-Pred],S,,NULL,,604203,Drug,RxNorm,Branded Drug Form,
40131742,,,prednisolone / sulfacetamide Ophthalmic Ointment [Medasulf],S,,NULL,,619278,Drug,RxNorm,Branded Drug Form,
40131743,,,prednisolone / sulfacetamide Ophthalmic Ointment [Metimyd],S,,NULL,,619279,Drug,RxNorm,Branded Drug Form,
40131744,,,prednisolone / sulfacetamide Ophthalmic Solution [Vasocidin],S,,NULL,,619303,Drug,RxNorm,Branded Drug Form,
40131745,,,prednisolone / sulfacetamide Ophthalmic Suspension [Metimyd],S,,NULL,,619280,Drug,RxNorm,Branded Drug Form,
40131746,,,prednisolone / sulfacetamide Ophthalmic Suspension [Vasocidin],S,,NULL,,619281,Drug,RxNorm,Branded Drug Form,
40135413,,,prednisolone Disintegrating Oral Tablet [Orapred],S,,NULL,,647126,Drug,RxNorm,Branded Drug Form,
40144214,,,prednisolone Ophthalmic Suspension [Omnipred],S,,NULL,,731219,Drug,RxNorm,Branded Drug Form,
40149642,,,prednisolone Oral Suspension,S,,NULL,,792956,Drug,RxNorm,Clinical Drug Form,
40150051,,,prednisolone Oral Solution [MILLIPRED],S,,NULL,,795096,Drug,RxNorm,Branded Drug Form,
40153448,,,prednisolone Oral Suspension [Flo-Pred],S,,NULL,,803307,Drug,RxNorm,Branded Drug Form,
40154146,,,prednisolone / sulfacetamide Ophthalmic Solution [Optimyd],S,,NULL,,806539,Drug,RxNorm,Branded Drug Form,
40154981,,,prednisolone Oral Tablet [MILLIPRED],S,,NULL,,808117,Drug,RxNorm,Branded Drug Form,
40155457,,,prednisolone Oral Solution [Veripred],S,,NULL,,824888,Drug,RxNorm,Branded Drug Form,
42707634,,,{21 (prednisolone 5 MG Oral Tablet [MILLIPRED]) } Pack [Millipred DP 6 Day],S,,NULL,,1235042,Drug,RxNorm,Branded Pack,
43526394,,,prednisolone acetate 10 MG/ML,S,,NULL,,1376335,Drug,RxNorm,Clinical Drug Comp,
43526395,,,prednisolone acetate 10 MG/ML Ophthalmic Suspension,S,,NULL,,1376336,Drug,RxNorm,Clinical Drug,
42902156,,,methylprednisolone acetate 0.005 MG/MG Topical Ointment,S,,NULL,,1358744,Drug,RxNorm,Clinical Drug,
42902157,,,methylprednisolone acetate 10 MG/ML / neomycin 3.5 MG/ML Topical Cream,S,,NULL,,1358746,Drug,RxNorm,Clinical Drug,
42902158,,,methylprednisolone acetate 16 MG/ML Injectable Suspension,S,,NULL,,1358748,Drug,RxNorm,Clinical Drug,
42902159,,,methylprednisolone acetate 2.5 MG/ML / neomycin 3.5 MG/ML Topical Cream,S,,NULL,,1358750,Drug,RxNorm,Clinical Drug,
42902162,,,methylprednisolone acetate 2.5 MG/ML Topical Cream,S,,NULL,,1358754,Drug,RxNorm,Clinical Drug,
42902166,,,methylprednisolone acetate 40 MG Enema,S,,NULL,,1358761,Drug,RxNorm,Clinical Drug,
44815777,,,prednisolone 10 MG/ML [Solu-Delta-Cortef],S,,NULL,,1493167,Drug,RxNorm,Branded Drug Comp,
44815778,,,prednisolone Injectable Solution [Solu-Delta-Cortef],S,,NULL,,1493168,Drug,RxNorm,Branded Drug Form,
44815779,,,prednisolone 50 MG/ML [Solu-Delta-Cortef],S,,NULL,,1493172,Drug,RxNorm,Branded Drug Comp,
44816139,,,prednisolone 10 MG/ML Injectable Solution [Solu-Delta-Cortef],S,,NULL,,1493170,Drug,RxNorm,Branded Drug,
44816140,,,prednisolone 50 MG/ML Injectable Solution,S,,NULL,,1493171,Drug,RxNorm,Clinical Drug,
44816141,,,prednisolone 50 MG/ML Injectable Solution [Solu-Delta-Cortef],S,,NULL,,1493173,Drug,RxNorm,Branded Drug,
45774913,,,methylprednisolone acetate 40 ML,S,,NULL,,1545708,Drug,RxNorm,Clinical Drug Comp,
45774914,,,methylprednisolone acetate 40 ML Injectable Suspension,S,,NULL,,1545709,Drug,RxNorm,Clinical Drug,
45774915,,,methylprednisolone acetate 40 ML [Depo-Medrol],S,,NULL,,1545711,Drug,RxNorm,Branded Drug Comp,
45774916,,,methylprednisolone acetate 40 ML Injectable Suspension [Depo-Medrol],S,,NULL,,1545712,Drug,RxNorm,Branded Drug,
45776347,,,prednisolone sodium phosphate 5 MG/ML Ophthalmic Solution,S,,NULL,,1547974,Drug,RxNorm,Clinical Drug,
45776437,,,prednisolone acetate 10 MG/ML [Econopred Plus],S,,NULL,,1548704,Drug,RxNorm,Branded Drug Comp,
45776438,,,prednisolone acetate 10 MG/ML Ophthalmic Suspension [Econopred Plus],S,,NULL,,1548705,Drug,RxNorm,Branded Drug,
45776439,,,prednisolone acetate 10 MG/ML [Omnipred],S,,NULL,,1548713,Drug,RxNorm,Branded Drug Comp,
45776440,,,prednisolone acetate 10 MG/ML Ophthalmic Suspension [Omnipred],S,,NULL,,1548714,Drug,RxNorm,Branded Drug,
45776441,,,prednisolone acetate 10 MG/ML [Pred Forte],S,,NULL,,1548723,Drug,RxNorm,Branded Drug Comp,
45776442,,,prednisolone acetate 10 MG/ML Ophthalmic Suspension [Pred Forte],S,,NULL,,1548724,Drug,RxNorm,Branded Drug,
45776443,,,prednisolone acetate 10 MG/ML [Ocu-Pred-A],S,,NULL,,1548738,Drug,RxNorm,Branded Drug Comp,
45776444,,,prednisolone acetate 10 MG/ML Ophthalmic Suspension [Ocu-Pred-A],S,,NULL,,1548739,Drug,RxNorm,Branded Drug,
45776580,,,prednisolone acetate 1.25 MG/ML,S,,NULL,,1549314,Drug,RxNorm,Clinical Drug Comp,
45776581,,,prednisolone acetate 1.25 MG/ML Ophthalmic Suspension,S,,NULL,,1549315,Drug,RxNorm,Clinical Drug,
45776582,,,prednisolone acetate 1.25 MG/ML [Econopred],S,,NULL,,1549316,Drug,RxNorm,Branded Drug Comp,
45776583,,,prednisolone acetate 1.25 MG/ML Ophthalmic Suspension [Econopred],S,,NULL,,1549317,Drug,RxNorm,Branded Drug,
,,,,,,,,,,,,
,,,,,,,,,,,,
,,,,,,,,,,,,
,,,,,,,,,,,,
,,,,,,,,,,,,
,,,,,,,,,,,,
,,,,,,,,,,,,
,,,,,,,,,,,,
,,,,,,,,,,,,
,,,,,,,,,,,,
,,,,,,,,,,,,
,,,,,,,,,,,,
,,,,,,,,,,,,
,,,,,,,,,,,,
,,,,,,,,,,,,
,,,,,,,,,,,,
,,,,,,,,,,,,
,,,,,,,,,,,,
,,,,,,,,,,,,
,,,,,,,,,,,,
,,,,,,,,,,,,
,,,,,,,,,,,,
,,,,,,,,,,,,
,,,,,,,,,,,,
,,,,,,,,,,,,
,,,,,,,,,,,,
,,,,,,,,,,,,
,,,,,,,,,,,,
,,,,,,,,,,,,
,,,,,,,,,,,,
,,,,,,,,,,,,
,,,,,,,,,,,,
,,,,,,,,,,,,
,,,,,,,,,,,,
,,,,,,,,,,,,
,,,,,,,,,,,,
,,,,,,,,,,,,
,,,,,,,,,,,,
,,,,,,,,,,,,
,,,,,,,,,,,,
,,,,,,,,,,,,
,,,,,,,,,,,,
,,,,,,,,,,,,
,,,,,,,,,,,,
,,,,,,,,,,,,
,,,,,,,,,,,,
,,,,,,,,,,,,
,,,,,,,,,,,,
,,,,,,,,,,,,
,,,,,,,,,,,,
,,,,,,,,,,,,
,,,,,,,,,,,,
,,,,,,,,,,,,
,,,,,,,,,,,,
,,,,,,,,,,,,
,,,,,,,,,,,,
,,,,,,,,,,,,
,,,,,,,,,,,,
,,,,,,,,,,,,
,,,,,,,,,,,,
,,,,,,,,,,,,
,,,,,,,,,,,,
,,,,,,,,,,,,
,,,,,,,,,,,,
,,,,,,,,,,,,
,,,,,,,,,,,,
,,,,,,,,,,,,
,,,,,,,,,,,,
,,,,,,,,,,,,
,,,,,,,,,,,,
,,,,,,,,,,,,
,,,,,,,,,,,,
,,,,,,,,,,,,
,,,,,,,,,,,,
,,,,,,,,,,,,
,,,,,,,,,,,,
,,,,,,,,,,,,
,,,,,,,,,,,,
,,,,,,,,,,,,
,,,,,,,,,,,,
,,,,,,,,,,,,
,,,,,,,,,,,,
,,,,,,,,,,,,
,,,,,,,,,,,,
,,,,,,,,,,,,
,,,,,,,,,,,,
,,,,,,,,,,,,
,,,,,,,,,,,,
,,,,,,,,,,,,
,,,,,,,,,,,,
,,,,,,,,,,,,
,,,,,,,,,,,,
,,,,,,,,,,,,
,,,,,,,,,,,,
,,,,,,,,,,,,
,,,,,,,,,,,,
,,,,,,,,,,,,
,,,,,,,,,,,,
,,,,,,,,,,,,
,,,,,,,,,,,,
,,,,,,,,,,,,
,,,,,,,,,,,,
,,,,,,,,,,,,
,,,,,,,,,,,,
,,,,,,,,,,,,
,,,,,,,,,,,,
,,,,,,,,,,,,
,,,,,,,,,,,,
,,,,,,,,,,,,
,,,,,,,,,,,,
,,,,,,,,,,,,
,,,,,,,,,,,,
,,,,,,,,,,,,
,,,,,,,,,,,,
,,,,,,,,,,,,
,,,,,,,,,,,,
,,,,,,,,,,,,
,,,,,,,,,,,,
,,,,,,,,,,,,
,,,,,,,,,,,,
,,,,,,,,,,,,
,,,,,,,,,,,,
,,,,,,,,,,,,
,,,,,,,,,,,,
,,,,,,,,,,,,
,,,,,,,,,,,,
,,,,,,,,,,,,
,,,,,,,,,,,,
,,,,,,,,,,,,
,,,,,,,,,,,,
,,,,,,,,,,,,
,,,,,,,,,,,,
,,,,,,,,,,,,
,,,,,,,,,,,,
,,,,,,,,,,,,
,,,,,,,,,,,,
,,,,,,,,,,,,
,,,,,,,,,,,,
,,,,,,,,,,,,
,,,,,,,,,,,,
,,,,,,,,,,,,
,,,,,,,,,,,,
,,,,,,,,,,,,
,,,,,,,,,,,,
,,,,,,,,,,,,
,,,,,,,,,,,,
,,,,,,,,,,,,
,,,,,,,,,,,,
,,,,,,,,,,,,
,,,,,,,,,,,,
